Date,Close,Open,High,Low,Volume,Var%
2023-10-30,2004.9,2012.55,2016.7,2000.4,,"-0,39%"
2023-10-29,2012.8,2015.9,2016.7,2007.35,,"1,20%"
2023-10-27,1989.0,1987.5,2009.8,1978.5,"0,37K","0,06%"
2023-10-26,1987.9,1981.6,1992.5,1974.4,"0,20K","0,12%"
2023-10-25,1985.5,1972.0,1988.8,1971.0,"0,16K","0,44%"
2023-10-24,1976.8,1975.1,1980.3,1958.3,"1,23K","-0,07%"
2023-10-23,1978.2,1977.9,1983.1,1963.6,"0,45K","-0,81%"
2023-10-20,1994.4,1988.0,2009.2,1983.7,,"0,70%"
2023-10-19,1980.5,1960.1,1990.2,1957.0,"264,82K","0,62%"
2023-10-18,1968.3,1936.7,1975.8,1935.9,"270,05K","1,68%"
2023-10-17,1935.7,1933.3,1944.5,1924.6,"165,06K","0,07%"
2023-10-16,1934.3,1941.3,1943.0,1921.2,"182,82K","-0,37%"
2023-10-13,1941.5,1881.7,1946.2,1881.5,"312,99K","3,11%"
2023-10-12,1883.0,1888.1,1898.3,1880.6,"163,48K","-0,23%"
2023-10-11,1887.3,1873.7,1890.9,1871.7,"169,96K","0,64%"
2023-10-10,1875.3,1875.4,1879.1,1866.1,"157,34K","0,59%"
2023-10-09,1864.3,1861.0,1877.3,1857.5,"187,80K","1,04%"
2023-10-06,1845.2,1834.3,1849.0,1823.5,"231,02K","0,73%"
2023-10-05,1831.8,1837.6,1843.5,1826.2,"172,46K","-0,16%"
2023-10-04,1834.8,1838.7,1846.8,1831.6,"195,05K","-0,36%"
2023-10-03,1841.5,1844.9,1849.3,1830.9,"216,78K","-0,31%"
2023-10-02,1847.2,1864.4,1864.7,1842.7,"202,15K","-1,01%"
2023-09-29,1866.1,1882.3,1896.7,1862.3,"245,13K","-0,67%"
2023-09-28,1878.6,1893.3,1896.8,1874.5,"231,42K","-0,65%"
2023-09-27,1890.9,1918.8,1921.7,1890.3,"238,53K","-1,51%"
2023-09-26,1919.8,1935.1,1935.5,1917.2,"212,26K","-0,87%"
2023-09-25,1936.6,1944.7,1946.8,1933.8,"164,26K","-0,46%"
2023-09-22,1945.6,1939.6,1949.1,1939.6,"139,93K","0,31%"
2023-09-21,1939.6,1952.0,1952.2,1933.1,"225,91K","-1,40%"
2023-09-20,1967.1,1953.0,1968.9,1948.6,"220,98K","0,69%"
2023-09-19,1953.7,1955.3,1958.9,1950.9,"131,10K","0,02%"
2023-09-18,1953.4,1945.7,1955.7,1943.8,"138,03K","0,37%"
2023-09-15,1946.2,1932.5,1952.4,1931.2,"199,77K","0,69%"
2023-09-14,1932.8,1930.7,1934.5,1921.7,"201,74K","0,02%"
2023-09-13,1932.5,1935.2,1938.4,1927.2,"161,00K","-0,13%"
2023-09-12,1935.1,1945.6,1947.5,1929.9,"161,99K","-0,62%"
2023-09-11,1947.2,1943.3,1954.6,1939.5,"131,08K","0,23%"
2023-09-08,1942.7,1943.8,1954.0,1940.8,"138,69K","0,01%"
2023-09-07,1942.5,1942.2,1947.9,1940.3,"117,17K","-0,09%"
2023-09-06,1944.2,1951.5,1954.5,1940.0,"148,78K","-0,43%"
2023-09-05,1952.6,1966.7,1972.6,1950.6,"192,79K","-0,54%"
2023-09-04,1963.25,1966.6,1972.55,1962.55,,"-0,17%"
2023-09-03,1966.65,1966.4,1967.05,1965.5,,"-0,02%"
2023-09-01,1967.1,1966.4,1980.2,1960.7,"160,73K","0,06%"
2023-08-31,1965.9,1970.2,1974.9,1965.5,"133,71K","-0,36%"
2023-08-30,1973.0,1966.0,1977.1,1962.8,"142,38K","0,40%"
2023-08-29,1965.1,1948.1,1966.5,1941.7,"174,22K","0,94%"
2023-08-28,1946.8,1944.0,1954.2,1940.1,"115,55K","0,36%"
2023-08-25,1939.9,1944.9,1950.4,1931.0,"166,99K","-0,37%"
2023-08-24,1947.1,1944.9,1951.3,1939.2,"137,39K","-0,05%"
2023-08-23,1948.1,1926.8,1949.7,1926.2,"170,04K","1,15%"
2023-08-22,1926.0,1924.0,1933.2,1917.5,"131,09K","0,16%"
2023-08-21,1923.0,1918.4,1927.9,1913.6,"138,11K","0,34%"
2023-08-18,1916.5,1919.2,1926.0,1915.9,"114,74K","0,07%"
2023-08-17,1915.2,1922.4,1933.5,1914.2,"152,33K","-0,68%"
2023-08-16,1928.3,1933.1,1938.2,1922.0,"128,61K","-0,36%"
2023-08-15,1935.2,1939.4,1944.3,1927.5,"167,15K","-0,45%"
2023-08-14,1944.0,1945.6,1948.2,1934.2,"120,98K","-0,13%"
2023-08-11,1946.6,1944.9,1953.6,1942.7,"122,32K","-0,12%"
2023-08-10,1948.9,1947.7,1963.5,1944.4,"168,26K","-0,09%"
2023-08-09,1950.6,1959.3,1966.1,1947.2,"139,26K","-0,47%"
2023-08-08,1959.9,1971.5,1972.8,1956.5,"142,34K","-0,51%"
2023-08-07,1970.0,1977.6,1981.7,1966.1,"104,41K","-0,31%"
2023-08-04,1976.1,1969.6,1984.2,1954.5,"156,42K","0,37%"
2023-08-03,1968.8,1970.8,1974.5,1964.5,"141,35K","-0,31%"
2023-08-02,1975.0,1988.9,1992.2,1969.1,"169,66K","-0,19%"
2023-08-01,1978.8,2004.2,2004.4,1978.3,"167,76K","-1,51%"
2023-07-31,2009.2,1997.9,2010.9,1986.7,"139,96K","0,47%"
2023-07-28,1999.9,1985.3,2002.0,1983.9,"159,60K","1,76%"
2023-07-27,1965.3,1991.8,2002.0,1961.4,"16,91K","-1,23%"
2023-07-26,1989.7,1985.9,1999.3,1982.8,"11,94K","0,33%"
2023-07-25,1983.1,1976.1,1986.2,1971.1,"8,63K","0,08%"
2023-07-24,1981.6,1983.2,1988.7,1974.7,"6,44K","0,76%"
2023-07-21,1966.6,1972.1,1975.9,1958.8,"156,54K","-0,22%"
2023-07-20,1970.9,1980.0,1989.8,1967.7,"189,93K","-0,50%"
2023-07-19,1980.8,1982.5,1984.6,1973.3,"159,41K","0,00%"
2023-07-18,1980.8,1958.3,1988.3,1958.1,"264,09K","1,25%"
2023-07-17,1956.4,1958.6,1963.6,1949.0,"165,83K","-0,41%"
2023-07-14,1964.4,1965.2,1967.8,1954.7,"209,31K","0,03%"
2023-07-13,1963.8,1962.7,1968.5,1956.6,"241,22K","0,11%"
2023-07-12,1961.7,1938.0,1965.1,1937.5,"270,87K","1,27%"
2023-07-11,1937.1,1930.8,1944.5,1929.8,"189,37K","0,32%"
2023-07-10,1931.0,1930.7,1933.7,1918.0,"208,09K","-0,08%"
2023-07-07,1932.5,1916.6,1941.1,1915.4,"214,27K","0,89%"
2023-07-06,1915.4,1922.4,1934.0,1908.5,"231,51K","-0,61%"
2023-07-05,1927.1,1929.1,1942.9,1922.1,"245,93K","-0,35%"
2023-07-04,1933.95,1928.85,1938.05,1927.75,,"0,23%"
2023-07-03,1929.5,1927.8,1939.9,1917.7,"152,96K","0,01%"
2023-06-30,1929.4,1916.4,1930.8,1908.1,"180,69K","0,60%"
2023-06-29,1917.9,1916.5,1921.3,1900.6,"205,25K","0,24%"
2023-06-28,1913.4,1915.2,1916.7,1903.6,"0,63K","-0,09%"
2023-06-27,1915.1,1927.4,1930.2,1912.3,"0,23K","-0,52%"
2023-06-26,1925.1,1926.4,1934.5,1923.0,"0,77K","0,21%"
2023-06-23,1921.0,1915.0,1939.3,1911.3,"0,75K","0,31%"
2023-06-22,1915.0,1935.9,1935.9,1914.0,"0,37K","-1,09%"
2023-06-21,1936.1,1939.5,1940.7,1922.2,"0,81K","-0,14%"
2023-06-20,1938.9,1961.7,1961.7,1932.4,"0,74K","-1,28%"
2023-06-19,1964.05,1969.55,1970.85,1959.9,,"-0,27%"
2023-06-18,1969.45,1970.85,1971.7,1968.65,,"0,37%"
2023-06-16,1962.2,1961.3,1970.6,1956.7,"0,62K","0,02%"
2023-06-15,1961.8,1948.8,1963.7,1929.6,"0,82K","-0,36%"
2023-06-14,1968.9,1957.2,1973.9,1952.5,"199,71K","0,53%"
2023-06-13,1958.6,1971.4,1985.9,1953.0,"198,40K","-0,56%"
2023-06-12,1969.7,1975.6,1981.4,1963.1,"122,54K","-0,38%"
2023-06-09,1977.2,1980.5,1987.8,1971.0,"130,41K","-0,07%"
2023-06-08,1978.6,1956.2,1985.7,1955.2,"191,84K","1,03%"
2023-06-07,1958.4,1980.0,1986.5,1955.4,"189,53K","-1,17%"
2023-06-06,1981.5,1978.0,1982.9,1970.3,"136,00K","0,36%"
2023-06-05,1974.3,1962.3,1980.4,1953.8,"179,99K","0,24%"
2023-06-02,1969.6,1994.6,2000.5,1963.7,"209,69K","-1,30%"
2023-06-01,1995.5,1981.3,2000.7,1970.1,"176,91K","0,68%"
2023-05-31,1982.1,1977.5,1993.1,1971.8,"207,75K","0,25%"
2023-05-30,1977.1,1961.3,1981.9,1949.6,"264,37K","0,89%"
2023-05-29,1959.75,1961.45,1968.15,1958.1,,"-0,09%"
2023-05-28,1961.5,1964.55,1964.55,1960.05,,"-0,08%"
2023-05-26,1963.1,1961.8,1975.7,1954.7,"130,07K","1,03%"
2023-05-25,1943.1,1959.5,1965.4,1939.0,"0,00K","-1,00%"
2023-05-24,1962.8,1975.4,1975.4,1969.2,"0,19K","-0,49%"
2023-05-23,1972.4,1973.9,1980.0,1955.8,"0,00K","-0,12%"
2023-05-22,1974.8,1980.5,1980.5,1980.5,"0,01K","-0,20%"
2023-05-19,1978.7,1960.0,1976.7,1960.0,"0,11K","1,13%"
2023-05-18,1956.5,1956.8,1956.8,1956.8,"0,02K","-1,22%"
2023-05-17,1980.7,1983.6,1983.6,1983.6,"0,01K","-0,39%"
2023-05-16,1988.4,2021.3,2022.7,1989.1,"0,05K","-1,47%"
2023-05-15,2018.0,2013.8,2017.1,2013.8,"0,00K","-0,09%"
2023-05-12,2019.8,2020.5,2027.8,2005.7,"220,50K","-0,03%"
2023-05-11,2020.5,2036.8,2047.6,2016.7,"296,98K","-0,81%"
2023-05-10,2037.1,2041.6,2056.0,2028.3,"260,81K","-0,28%"
2023-05-09,2042.9,2028.4,2045.1,2026.4,"199,70K","0,48%"
2023-05-08,2033.2,2024.6,2037.1,2022.0,"182,21K","0,41%"
2023-05-05,2024.8,2058.0,2061.3,2007.0,"283,30K","-1,50%"
2023-05-04,2055.7,2054.7,2085.4,2038.5,"311,00K","0,92%"
2023-05-03,2037.0,2026.4,2050.0,2016.0,"229,67K","0,68%"
2023-05-02,2023.3,1990.5,2028.8,1986.9,"245,64K","1,56%"
2023-05-01,1992.2,2000.2,2015.4,1985.7,"173,02K","-0,35%"
2023-04-28,1999.1,1997.2,2004.1,1984.4,"172,45K","0,01%"
2023-04-27,1999.0,1999.8,2013.3,1982.0,"203,90K","0,61%"
2023-04-26,1986.9,2000.0,2009.8,1986.6,"0,62K","-0,41%"
2023-04-25,1995.1,1995.4,2005.0,1979.3,"0,85K","0,23%"
2023-04-24,1990.6,1983.2,1991.0,1975.3,"0,54K","0,47%"
2023-04-21,1981.3,2005.1,2007.0,1973.0,"0,62K","-1,42%"
2023-04-20,2009.8,1996.5,2014.5,1994.2,"0,42K","0,59%"
2023-04-19,1998.0,2008.5,2009.7,1971.9,"0,92K","-0,61%"
2023-04-18,2010.3,1997.1,2013.4,1994.5,"0,22K","0,81%"
2023-04-17,1994.2,2002.7,2007.6,1983.2,"0,55K","-0,40%"
2023-04-14,2002.2,2041.0,2047.8,1995.0,"0,72K","-1,92%"
2023-04-13,2041.3,2015.6,2048.6,2015.6,"1,04K","1,51%"
2023-04-12,2010.9,2005.2,2025.7,2005.2,"0,17K","0,30%"
2023-04-11,2004.8,1991.4,2006.5,1991.4,"0,07K","0,79%"
2023-04-10,1989.1,2000.0,2006.6,1984.0,"0,65K","-1,13%"
2023-04-06,2011.9,2022.2,2023.3,2005.0,"0,49K","-0,45%"
2023-04-05,2020.9,2022.1,2033.8,2013.6,"0,53K","-0,06%"
2023-04-04,2022.2,1984.6,2027.1,1979.0,"0,81K","1,93%"
2023-04-03,1983.9,1968.1,1991.7,1950.0,"0,74K","0,76%"
2023-03-31,1969.0,1981.3,1986.8,1968.0,"0,96K","-0,57%"
2023-03-30,1980.3,1965.9,1984.4,1954.9,"10,12K","0,68%"
2023-03-29,1966.9,1975.4,1976.0,1959.5,"88,56K","-0,33%"
2023-03-28,1973.5,1957.8,1977.1,1949.9,"183,58K","0,10%"
2023-03-27,1971.5,2000.3,2001.5,1962.7,"107,04K","-1,51%"
2023-03-24,2001.7,2013.3,2023.9,1995.7,"118,69K","-0,58%"
2023-03-23,2013.3,1992.5,2023.3,1984.4,"74,55K","2,37%"
2023-03-22,1966.6,1959.7,1999.4,1953.7,"60,53K","0,42%"
2023-03-21,1958.3,2000.7,2005.7,1955.9,"65,17K","-2,07%"
2023-03-20,1999.7,2008.6,2031.7,1987.0,"69,06K","0,48%"
2023-03-17,1990.2,1942.7,2010.4,1939.1,"67,46K","2,60%"
2023-03-16,1939.7,1940.2,1954.6,1928.4,"34,77K","-0,43%"
2023-03-15,1948.1,1924.5,1959.1,1906.0,"84,73K","1,95%"
2023-03-14,1910.9,1919.4,1919.4,1899.8,"261,28K","-0,29%"
2023-03-13,1916.5,1877.1,1919.5,1875.7,"452,33K","2,64%"
2023-03-10,1867.2,1835.1,1874.3,1830.0,"345,81K","1,78%"
2023-03-09,1834.6,1818.0,1839.4,1815.4,"228,47K","0,88%"
2023-03-08,1818.6,1818.0,1828.7,1813.4,"208,29K","-0,08%"
2023-03-07,1820.0,1852.6,1856.9,1817.1,"248,23K","-1,87%"
2023-03-06,1854.6,1861.0,1864.3,1850.6,"136,22K","0,00%"
2023-03-03,1854.6,1842.1,1864.4,1842.0,"158,96K","0,77%"
2023-03-02,1840.5,1843.8,1845.3,1835.9,"139,76K","-0,27%"
2023-03-01,1845.4,1834.0,1852.5,1829.6,"182,58K","0,47%"
2023-02-28,1836.7,1823.9,1838.6,1810.8,"184,51K","0,65%"
2023-02-27,1824.9,1818.0,1827.3,1812.0,"130,43K","0,87%"
2023-02-24,1809.2,1825.2,1827.1,1808.8,"0,40K","-0,53%"
2023-02-23,1818.8,1823.6,1832.7,1818.3,"0,65K","-0,79%"
2023-02-22,1833.3,1837.0,1846.4,1825.1,"0,57K","-0,50%"
2023-02-21,1842.5,1850.5,1856.4,1839.0,"210,17K","-0,43%"
2023-02-20,1850.5,1847.55,1856.35,1846.3,,"0,15%"
2023-02-19,1847.75,1851.2,1852.15,1847.55,,"0,40%"
2023-02-17,1840.4,1827.4,1842.2,1818.4,"0,04K","-0,09%"
2023-02-16,1842.0,1838.6,1843.7,1827.2,"0,22K","0,43%"
2023-02-15,1834.2,1842.0,1842.0,1828.2,"0,37K","-1,07%"
2023-02-14,1854.0,1854.1,1862.0,1846.2,"0,66K","0,11%"
2023-02-13,1851.9,1859.0,1861.0,1850.0,"0,57K","-0,59%"
2023-02-10,1862.8,1861.6,1863.5,1852.4,"0,03K","-0,18%"
2023-02-09,1866.2,1875.3,1884.6,1859.8,"0,22K","-0,60%"
2023-02-08,1877.4,1872.1,1880.4,1872.1,"0,23K","0,30%"
2023-02-07,1871.7,1870.0,1875.7,1868.0,"0,30K","0,29%"
2023-02-06,1866.2,1865.6,1880.0,1863.4,"0,42K","0,18%"
2023-02-03,1862.9,1912.4,1917.0,1861.5,"0,99K","-2,79%"
2023-02-02,1916.3,1952.3,1959.1,1911.3,"0,75K","-0,60%"
2023-02-01,1927.8,1927.2,1955.0,1922.0,"2,29K","-0,09%"
2023-01-31,1929.5,1923.0,1930.4,1900.6,"1,91K","0,34%"
2023-01-30,1922.9,1928.3,1933.6,1920.3,"27,22K","-0,71%"
2023-01-27,1936.6,1936.8,1943.0,1923.7,"2,33K","-0,05%"
2023-01-26,1937.6,1955.3,1957.0,1926.5,"2,10K","-0,65%"
2023-01-25,1950.3,1946.0,1956.0,1928.7,"1,27K","0,37%"
2023-01-24,1943.1,1940.5,1950.6,1926.3,"1,08K","0,36%"
2023-01-23,1936.2,1936.1,1943.7,1920.1,"0,97K","0,41%"
2023-01-20,1928.2,1933.7,1939.0,1922.0,"165,27K","0,22%"
2023-01-19,1923.9,1907.0,1936.9,1902.0,"214,25K","0,89%"
2023-01-18,1907.0,1911.1,1929.8,1898.6,"218,97K","-0,01%"
2023-01-17,1907.2,1920.1,1920.1,1905.2,"0,71K","-0,14%"
2023-01-16,1909.9,1923.8,1931.8,1906.2,"268,37K","-0,52%"
2023-01-15,1919.9,1923.25,1923.6,1919.85,,"-0,09%"
2023-01-13,1921.7,1898.8,1925.3,1895.1,"247,88K","1,21%"
2023-01-12,1898.8,1879.7,1906.5,1872.4,"265,17K","1,06%"
2023-01-11,1878.9,1881.3,1890.9,1870.9,"222,25K","0,13%"
2023-01-10,1876.5,1875.7,1885.2,1872.0,"170,51K","-0,07%"
2023-01-09,1877.8,1872.8,1886.4,1869.3,"204,55K","0,43%"
2023-01-06,1869.7,1835.9,1875.2,1835.2,"215,37K","1,58%"
2023-01-05,1840.6,1861.2,1864.3,1829.9,"188,60K","-0,99%"
2023-01-04,1859.0,1845.2,1871.3,1842.0,"198,35K","0,70%"
2023-01-03,1846.1,1831.8,1856.6,1831.3,"212,27K","0,56%"
2023-01-02,1835.8,1834.55,1837.9,1831.4,,"0,53%"
2022-12-30,1826.2,1821.8,1832.4,1819.8,"107,50K","0,01%"
2022-12-29,1826.0,1812.3,1827.3,1811.2,"105,99K","0,56%"
2022-12-28,1815.8,1822.4,1822.8,1804.2,"118,08K","-0,40%"
2022-12-27,1823.1,1808.2,1841.9,1808.0,"159,62K","0,74%"
2022-12-26,1809.7,1805.8,1811.95,1805.55,,"0,30%"
2022-12-23,1804.2,1801.0,1812.2,1798.9,"105,46K","0,50%"
2022-12-22,1795.3,1823.8,1829.3,1792.7,"175,77K","-1,65%"
2022-12-21,1825.4,1827.9,1833.8,1821.3,"110,18K","0,00%"
2022-12-20,1825.4,1796.8,1832.4,1793.7,"197,50K","1,54%"
2022-12-19,1797.7,1801.6,1808.6,1793.2,"86,09K","-0,14%"
2022-12-16,1800.2,1786.9,1804.2,1783.9,"128,75K","0,69%"
2022-12-15,1787.8,1818.7,1819.7,1782.0,"185,32K","-1,70%"
2022-12-14,1818.7,1822.6,1825.4,1806.2,"143,80K","-0,37%"
2022-12-13,1825.5,1792.3,1836.9,1791.8,"230,91K","1,85%"
2022-12-12,1792.3,1808.0,1809.3,1789.0,"107,78K","-1,02%"
2022-12-09,1810.7,1801.9,1819.0,1800.1,"150,94K","0,51%"
2022-12-08,1801.5,1799.5,1806.9,1793.2,"116,27K","0,19%"
2022-12-07,1798.0,1783.3,1803.2,1780.5,"155,57K","0,88%"
2022-12-06,1782.4,1780.8,1793.2,1779.1,"127,86K","0,06%"
2022-12-05,1781.3,1810.5,1822.9,1778.1,"179,82K","-1,56%"
2022-12-02,1809.6,1817.0,1818.7,1791.8,"183,72K","-0,31%"
2022-12-01,1815.2,1783.1,1818.4,1782.9,"226,15K","3,14%"
2022-11-30,1759.9,1763.4,1784.2,1758.2,"192,24K","-0,22%"
2022-11-29,1763.7,1754.6,1773.4,1752.9,"127,32K","1,34%"
2022-11-28,1740.3,1755.0,1763.5,1738.2,"132,77K","-0,78%"
2022-11-25,1754.0,1751.0,1761.2,1745.9,"134,30K","0,00%"
2022-11-24,1754.0,1751.0,1761.2,1745.9,"134,30K","0,48%"
2022-11-23,1745.6,1740.8,1754.9,1719.0,"167,77K","0,33%"
2022-11-22,1739.9,1739.7,1751.0,1737.6,"153,09K","0,02%"
2022-11-21,1739.6,1752.0,1755.0,1733.9,"166,08K","-0,84%"
2022-11-18,1754.4,1763.1,1769.9,1749.2,"137,33K","-0,49%"
2022-11-17,1763.0,1777.0,1777.6,1756.6,"169,10K","-0,72%"
2022-11-16,1775.8,1782.0,1788.2,1773.4,"200,76K","-0,06%"
2022-11-15,1776.8,1774.0,1791.8,1770.2,"283,02K","-0,01%"
2022-11-14,1776.9,1769.4,1778.4,1755.8,"191,35K","0,42%"
2022-11-11,1769.4,1758.3,1775.6,1750.3,"227,04K","0,90%"
2022-11-10,1753.7,1709.7,1760.6,1705.5,"305,72K","2,33%"
2022-11-09,1713.7,1715.2,1725.8,1705.1,"239,65K","-0,13%"
2022-11-08,1716.0,1678.0,1720.4,1667.1,"297,62K","2,11%"
2022-11-07,1680.5,1678.6,1685.6,1670.0,"187,59K","0,23%"
2022-11-04,1676.6,1631.7,1686.4,1631.1,"293,52K","2,80%"
2022-11-03,1630.9,1639.1,1643.2,1618.3,"254,70K","-1,16%"
2022-11-02,1650.0,1651.4,1673.1,1637.4,"220,93K","0,02%"
2022-11-01,1649.7,1636.1,1660.3,1633.6,"197,98K","0,55%"
2022-10-31,1640.7,1647.2,1648.5,1634.5,"128,41K","-0,25%"
2022-10-28,1644.8,1667.2,1670.9,1640.7,"196,36K","-1,25%"
2022-10-27,1665.6,1668.8,1674.8,1658.5,"189,29K","-0,22%"
2022-10-26,1669.2,1657.7,1679.4,1653.8,"186,93K","0,68%"
2022-10-25,1658.0,1654.5,1666.8,1641.2,"182,80K","0,24%"
2022-10-24,1654.1,1662.9,1675.5,1648.0,"171,02K","-0,13%"
2022-10-21,1656.3,1632.4,1663.1,1621.1,"271,10K","1,19%"
2022-10-20,1636.8,1634.6,1650.3,1626.3,"163,73K","0,16%"
2022-10-19,1634.2,1657.2,1659.8,1632.2,"179,25K","-1,30%"
2022-10-18,1655.8,1655.9,1666.0,1650.6,"163,17K","-0,49%"
2022-10-17,1664.0,1649.9,1674.3,1649.1,"148,89K","0,92%"
2022-10-14,1648.9,1672.8,1677.8,1645.6,"183,17K","-1,68%"
2022-10-13,1677.0,1680.2,1688.9,1648.3,"237,01K","-0,03%"
2022-10-12,1677.5,1673.4,1685.1,1668.0,"131,77K","-0,50%"
2022-10-11,1686.0,1675.6,1691.3,1667.5,"171,81K","0,64%"
2022-10-10,1675.2,1703.4,1707.4,1672.5,"157,15K","-1,99%"
2022-10-07,1709.3,1721.0,1722.8,1698.4,"157,45K","-0,67%"
2022-10-06,1720.8,1725.5,1734.2,1714.8,"139,44K","0,00%"
2022-10-05,1720.8,1734.4,1736.6,1708.8,"173,22K","-0,56%"
2022-10-04,1730.5,1708.4,1738.7,1704.0,"205,08K","1,67%"
2022-10-03,1702.0,1670.5,1710.4,1666.5,"215,49K","1,79%"
2022-09-30,1672.0,1669.5,1684.4,1667.5,"179,99K","0,20%"
2022-09-29,1668.6,1669.0,1673.1,1649.3,"201,96K","-0,08%"
2022-09-28,1670.0,1636.5,1671.6,1622.2,"279,82K","2,07%"
2022-09-27,1636.2,1629.2,1650.1,1628.7,"197,06K","0,17%"
2022-09-26,1633.4,1651.0,1657.2,1627.7,"219,86K","-1,34%"
2022-09-23,1655.6,1680.1,1685.0,1646.6,"243,05K","-1,52%"
2022-09-22,1681.1,1682.8,1693.5,1663.3,"241,28K","0,32%"
2022-09-21,1675.7,1673.2,1696.9,1661.3,"227,94K","0,28%"
2022-09-20,1671.1,1684.9,1688.8,1668.1,"143,93K","-0,42%"
2022-09-19,1678.2,1685.4,1688.8,1667.6,"141,17K","-0,31%"
2022-09-16,1683.5,1673.7,1689.9,1661.9,"217,23K","0,37%"
2022-09-15,1677.3,1707.2,1707.8,1668.9,"268,09K","-1,86%"
2022-09-14,1709.1,1711.6,1717.3,1703.3,"163,29K","-0,48%"
2022-09-13,1717.4,1736.0,1742.9,1706.7,"232,70K","-1,33%"
2022-09-12,1740.6,1728.4,1746.4,1722.3,"154,37K","0,69%"
2022-09-09,1728.6,1719.6,1740.5,1719.4,"154,71K","0,49%"
2022-09-08,1720.2,1729.5,1739.4,1713.7,"184,18K","-0,44%"
2022-09-07,1727.8,1712.9,1731.2,1701.7,"173,62K","1,17%"
2022-09-06,1707.9,1719.7,1719.7,1714.2,"0,02K","-0,29%"
2022-09-05,1712.9,1724.2,1737.4,1710.6,"206,27K","-0,33%"
2022-09-04,1718.65,1723.6,1723.75,1718.65,,"-0,23%"
2022-09-02,1722.6,1707.8,1729.5,1705.9,"174,68K","0,78%"
2022-09-01,1709.3,1723.0,1723.0,1699.1,"198,62K","-0,98%"
2022-08-31,1726.2,1735.5,1738.0,1720.6,"176,73K","-0,58%"
2022-08-30,1736.3,1749.8,1752.8,1732.9,"130,66K","-0,77%"
2022-08-29,1749.7,1748.4,1757.9,1731.4,"156,22K","-0,01%"
2022-08-26,1749.8,1771.8,1772.3,1746.2,"176,90K","-1,22%"
2022-08-25,1771.4,1764.4,1778.8,1763.0,"117,57K","0,56%"
2022-08-24,1761.5,1761.3,1769.5,1754.8,"112,65K","0,02%"
2022-08-23,1761.2,1750.0,1767.5,1743.1,"145,26K","0,73%"
2022-08-22,1748.4,1760.6,1762.1,1740.2,"142,86K","-0,82%"
2022-08-19,1762.9,1773.1,1773.3,1759.1,"138,70K","-0,47%"
2022-08-18,1771.2,1777.1,1786.3,1768.8,"124,32K","-0,31%"
2022-08-17,1776.7,1790.8,1796.6,1773.9,"137,83K","-0,73%"
2022-08-16,1789.7,1795.5,1798.0,1785.4,"94,40K","-0,47%"
2022-08-15,1798.1,1818.9,1818.9,1787.6,"137,77K","-0,96%"
2022-08-12,1815.5,1805.2,1819.1,1799.6,"118,65K","0,46%"
2022-08-11,1807.2,1807.9,1814.9,1798.6,"121,26K","-0,36%"
2022-08-10,1813.7,1811.5,1824.6,1803.3,"154,59K","0,08%"
2022-08-09,1812.3,1805.5,1817.0,1799.4,"120,51K","0,39%"
2022-08-08,1805.2,1790.3,1806.4,1786.9,"103,68K","0,78%"
2022-08-05,1791.2,1807.7,1811.6,1780.2,"168,90K","-0,87%"
2022-08-04,1806.9,1782.1,1812.0,1779.4,"153,29K","1,72%"
2022-08-03,1776.4,1777.3,1789.4,1770.0,"151,73K","-0,74%"
2022-08-02,1789.7,1789.2,1805.0,1776.0,"174,17K","0,11%"
2022-08-01,1787.7,1782.5,1792.5,1774.3,"133,74K","0,33%"
2022-07-29,1781.8,1773.1,1784.6,1768.4,"136,89K","0,71%"
2022-07-28,1769.2,1751.4,1774.4,1750.4,"192,86K","2,91%"
2022-07-27,1719.1,1715.2,1739.6,1709.1,"144,87K","0,08%"
2022-07-26,1717.7,1717.9,1726.4,1711.5,"147,37K","-0,08%"
2022-07-25,1719.1,1726.3,1734.6,1712.9,"160,72K","-0,48%"
2022-07-22,1727.4,1717.2,1738.3,1711.7,"200,62K","0,82%"
2022-07-21,1713.4,1693.7,1719.5,1678.4,"248,88K","0,78%"
2022-07-20,1700.2,1709.5,1712.7,1690.1,"174,47K","-0,61%"
2022-07-19,1710.7,1707.2,1716.5,1702.6,"131,77K","0,03%"
2022-07-18,1710.2,1706.4,1722.0,1704.4,"157,54K","0,39%"
2022-07-15,1703.6,1708.2,1714.2,1696.6,"176,80K","-0,13%"
2022-07-14,1705.8,1733.6,1734.8,1695.0,"266,35K","-1,71%"
2022-07-13,1735.5,1723.6,1744.3,1704.5,"300,55K","0,62%"
2022-07-12,1724.8,1731.3,1742.2,1721.6,"255,17K","-0,40%"
2022-07-11,1731.7,1741.5,1743.0,1729.0,"171,90K","-0,61%"
2022-07-08,1742.3,1738.7,1751.7,1726.0,"189,18K","0,15%"
2022-07-07,1739.7,1737.2,1748.2,1734.7,"151,26K","0,18%"
2022-07-06,1736.5,1764.2,1771.5,1730.7,"258,82K","-1,83%"
2022-07-05,1768.9,1817.0,1817.0,1768.9,"1,33K","0,28%"
2022-07-04,1763.9,1814.4,1815.2,1763.0,"310,37K","-2,09%"
2022-07-01,1801.5,1808.1,1813.6,1783.4,"249,49K","-0,32%"
2022-06-30,1807.3,1819.2,1826.8,1802.5,"208,90K","-0,56%"
2022-06-29,1817.5,1821.4,1834.9,1810.7,"155,54K","-0,20%"
2022-06-28,1821.2,1823.6,1830.9,1819.1,"111,40K","-0,20%"
2022-06-27,1824.8,1839.6,1842.8,1821.8,"143,82K","-0,30%"
2022-06-24,1830.3,1824.2,1833.7,1817.7,"139,72K","0,03%"
2022-06-23,1829.8,1839.7,1848.9,1823.5,"167,07K","-0,47%"
2022-06-22,1838.4,1834.9,1850.3,1824.5,"149,55K","-0,02%"
2022-06-21,1838.8,1840.6,1848.4,1830.7,"176,30K","0,00%"
2022-06-20,1838.8,1840.6,1848.4,1830.7,"176,30K","-0,10%"
2022-06-17,1840.6,1859.3,1861.5,1836.1,"141,72K","-0,50%"
2022-06-16,1849.9,1835.8,1860.2,1816.3,"180,89K","1,67%"
2022-06-15,1819.6,1809.7,1845.4,1808.4,"203,42K","0,34%"
2022-06-14,1813.5,1820.9,1833.3,1806.1,"165,15K","-1,00%"
2022-06-13,1831.8,1879.0,1882.5,1819.0,"252,54K","-2,33%"
2022-06-10,1875.5,1850.4,1879.6,1826.5,"267,20K","1,23%"
2022-06-09,1852.8,1855.1,1857.8,1841.9,"131,29K","-0,20%"
2022-06-08,1856.5,1855.0,1862.4,1846.6,"114,14K","0,24%"
2022-06-07,1852.1,1843.5,1858.2,1838.5,"119,21K","0,46%"
2022-06-06,1843.7,1853.7,1861.2,1843.0,"103,18K","-0,35%"
2022-06-03,1850.2,1872.6,1878.6,1849.7,"115,34K","-1,13%"
2022-06-02,1871.4,1849.9,1874.4,1846.5,"127,47K","1,23%"
2022-06-01,1848.7,1840.0,1853.0,1830.2,"158,04K","0,02%"
2022-05-31,1848.4,1856.5,1867.9,1837.6,"201,80K","0,00%"
2022-05-30,1848.4,1856.5,1867.9,1837.6,"201,80K","-0,48%"
2022-05-27,1857.3,1855.1,1866.9,1851.9,"123,76K","0,53%"
2022-05-26,1847.6,1851.8,1852.8,1836.3,"123,36K","0,07%"
2022-05-25,1846.3,1865.4,1866.7,1838.7,"182,82K","-1,02%"
2022-05-24,1865.4,1852.3,1869.1,1847.6,"174,76K","0,95%"
2022-05-23,1847.8,1844.4,1864.3,1843.3,"163,27K","0,31%"
2022-05-20,1842.1,1839.6,1847.8,1830.6,"143,05K","0,05%"
2022-05-19,1841.2,1815.1,1848.2,1808.4,"175,24K","1,39%"
2022-05-18,1815.9,1813.2,1822.9,1805.0,"150,35K","-0,16%"
2022-05-17,1818.9,1823.9,1834.8,1811.0,"137,29K","0,27%"
2022-05-16,1814.0,1809.4,1826.0,1785.0,"159,49K","0,32%"
2022-05-13,1808.2,1821.4,1827.6,1797.2,"179,48K","-0,90%"
2022-05-12,1824.6,1852.3,1858.8,1820.1,"255,61K","-1,57%"
2022-05-11,1853.7,1836.6,1857.8,1830.6,"243,56K","0,69%"
2022-05-10,1841.0,1853.9,1864.7,1834.5,"260,81K","-0,95%"
2022-05-09,1858.6,1883.7,1885.6,1851.0,"218,82K","-1,29%"
2022-05-06,1882.8,1877.5,1894.0,1865.0,"194,28K","0,38%"
2022-05-05,1875.7,1884.1,1910.7,1872.3,"218,39K","0,37%"
2022-05-04,1868.8,1868.3,1892.0,1861.1,"161,48K","-0,10%"
2022-05-03,1870.6,1863.6,1878.4,1849.7,"167,43K","0,38%"
2022-05-02,1863.6,1896.2,1900.4,1853.4,"193,83K","-2,52%"
2022-04-29,1911.7,1895.8,1921.3,1893.5,"177,14K","1,08%"
2022-04-28,1891.3,1886.8,1897.8,1870.9,"170,91K","0,14%"
2022-04-27,1888.7,1907.4,1908.1,1881.6,"178,20K","-0,81%"
2022-04-26,1904.1,1899.8,1912.2,1896.3,"166,20K","0,43%"
2022-04-25,1896.0,1931.9,1935.5,1891.8,"231,49K","-1,98%"
2022-04-22,1934.3,1953.1,1957.8,1928.0,"176,68K","-0,71%"
2022-04-21,1948.2,1960.0,1960.1,1938.0,"154,92K","-0,38%"
2022-04-20,1955.6,1952.7,1960.9,1941.0,"139,51K","-0,17%"
2022-04-19,1959.0,1981.2,1985.1,1945.5,"181,44K","-1,38%"
2022-04-18,1986.4,1978.5,2003.0,1974.4,"138,13K","0,58%"
2022-04-14,1974.9,1981.6,1984.0,1962.7,"139,42K","-0,49%"
2022-04-13,1984.7,1970.5,1985.8,1966.3,"132,03K","0,44%"
2022-04-12,1976.1,1957.4,1982.7,1953.0,"172,39K","1,43%"
2022-04-11,1948.2,1949.6,1974.6,1942.9,"184,39K","0,13%"
2022-04-08,1945.6,1934.3,1952.2,1930.4,"142,50K","0,40%"
2022-04-07,1937.8,1928.1,1941.7,1923.3,"122,81K","0,76%"
2022-04-06,1923.1,1927.6,1937.6,1916.2,"153,97K","-0,23%"
2022-04-05,1927.5,1937.3,1948.9,1920.9,"147,26K","-0,34%"
2022-04-04,1934.0,1927.1,1941.6,1918.2,"108,44K","0,54%"
2022-04-01,1923.7,1942.4,1944.5,1921.4,"135,15K","-1,55%"
2022-03-31,1954.0,1937.3,1955.0,1923.0,"155,30K","0,77%"
2022-03-30,1939.0,1924.0,1943.4,1920.1,"136,04K","1,40%"
2022-03-29,1912.2,1922.4,1929.4,1888.3,"128,05K","-1,42%"
2022-03-28,1939.8,1958.7,1959.8,1915.7,"181,37K","-0,74%"
2022-03-25,1954.2,1957.8,1965.1,1942.6,"147,90K","-0,41%"
2022-03-24,1962.2,1944.1,1967.2,1937.4,"181,20K","1,29%"
2022-03-23,1937.3,1920.9,1948.8,1915.6,"153,31K","0,82%"
2022-03-22,1921.5,1936.1,1939.5,1909.8,"153,28K","-0,41%"
2022-03-21,1929.5,1922.4,1941.8,1917.2,"146,41K","0,01%"
2022-03-18,1929.3,1943.9,1946.2,1918.0,"150,88K","-0,72%"
2022-03-17,1943.2,1928.4,1951.0,1924.0,"149,83K","1,78%"
2022-03-16,1909.2,1920.1,1930.1,1895.2,"195,46K","-1,06%"
2022-03-15,1929.7,1953.7,1956.9,1908.1,"220,37K","-1,59%"
2022-03-14,1960.8,1988.7,1994.8,1952.0,"162,20K","-1,22%"
2022-03-11,1985.0,2000.3,2004.0,1960.6,"262,09K","-0,77%"
2022-03-10,2000.4,1992.8,2015.1,1975.0,"303,27K","0,61%"
2022-03-09,1988.2,2060.2,2068.5,1981.0,"360,35K","-2,70%"
2022-03-08,2043.3,2001.0,2078.8,1985.8,"447,65K","2,37%"
2022-03-07,1995.9,1978.5,2007.5,1964.2,"372,19K","1,49%"
2022-03-04,1966.6,1938.5,1974.9,1931.5,"241,53K","1,59%"
2022-03-03,1935.9,1931.7,1944.6,1923.1,"180,21K","0,71%"
2022-03-02,1922.3,1945.3,1951.4,1916.0,"227,98K","-1,11%"
2022-03-01,1943.8,1908.4,1952.6,1903.0,"224,00K","2,27%"
2022-02-28,1900.7,1921.0,1935.2,1892.2,"249,27K","0,69%"
2022-02-25,1887.6,1906.5,1925.0,1884.4,"229,78K","-2,01%"
2022-02-24,1926.3,1911.9,1976.5,1878.6,"423,05K","0,83%"
2022-02-23,1910.4,1901.2,1912.9,1891.1,"154,84K","0,16%"
2022-02-22,1907.4,1903.5,1918.3,1889.7,"334,59K","0,00%"
2022-02-21,1907.4,1903.5,1918.3,1889.7,"334,59K","0,40%"
2022-02-18,1899.8,1901.4,1905.0,1888.0,"161,75K","-0,12%"
2022-02-17,1902.0,1872.0,1904.0,1869.7,"268,55K","1,63%"
2022-02-16,1871.5,1855.5,1874.6,1851.8,"141,49K","0,82%"
2022-02-15,1856.2,1873.8,1881.6,1845.4,"214,88K","-0,71%"
2022-02-14,1869.4,1862.2,1876.5,1851.9,"231,02K","1,48%"
2022-02-11,1842.1,1827.0,1867.4,1821.1,"239,09K","0,26%"
2022-02-10,1837.4,1834.0,1843.3,1821.8,"227,46K","0,04%"
2022-02-09,1836.6,1827.0,1837.1,1825.5,"136,72K","0,48%"
2022-02-08,1827.9,1821.5,1829.9,1816.0,"142,41K","0,33%"
2022-02-07,1821.8,1808.0,1824.6,1807.5,"139,81K","0,77%"
2022-02-04,1807.8,1805.4,1815.8,1792.1,"177,71K","0,21%"
2022-02-03,1804.1,1807.4,1809.5,1788.5,"173,72K","-0,34%"
2022-02-02,1810.3,1800.8,1812.0,1794.6,"123,02K","0,49%"
2022-02-01,1801.5,1798.9,1809.7,1796.2,"128,88K","0,28%"
2022-01-31,1796.4,1792.8,1800.9,1785.8,"139,42K","0,55%"
2022-01-28,1786.6,1799.6,1800.3,1780.6,"217,15K","-0,36%"
2022-01-27,1793.1,1819.0,1821.4,1790.6,"196,04K","-2,00%"
2022-01-26,1829.7,1848.0,1850.2,1814.1,"270,03K","-1,23%"
2022-01-25,1852.5,1843.6,1854.2,1834.4,"197,80K","0,59%"
2022-01-24,1841.7,1835.2,1844.9,1829.3,"244,33K","0,54%"
2022-01-21,1831.8,1840.6,1843.7,1828.4,"225,25K","-0,59%"
2022-01-20,1842.6,1840.1,1848.5,1836.2,"233,86K","-0,03%"
2022-01-19,1843.2,1812.9,1843.9,1809.0,"318,49K","1,60%"
2022-01-18,1814.1,1818.7,1824.2,1806.9,"0,34K","0,09%"
2022-01-17,1812.4,1818.7,1822.9,1804.7,"362,94K","-0,23%"
2022-01-14,1816.5,1822.1,1829.3,1814.2,"174,94K","-0,27%"
2022-01-13,1821.4,1825.7,1828.3,1811.8,"215,52K","-0,32%"
2022-01-12,1827.3,1821.3,1828.2,1814.4,"192,98K","0,48%"
2022-01-11,1818.5,1801.3,1823.1,1799.7,"184,15K","1,10%"
2022-01-10,1798.8,1796.4,1802.0,1789.3,"173,04K","0,08%"
2022-01-07,1797.4,1791.0,1798.4,1781.3,"238,93K","0,46%"
2022-01-06,1789.2,1810.6,1811.6,1785.4,"238,64K","-1,97%"
2022-01-05,1825.1,1815.2,1830.7,1808.2,"173,34K","0,58%"
2022-01-04,1814.6,1801.1,1817.2,1798.1,"167,71K","0,81%"
2022-01-03,1800.1,1830.1,1833.0,1798.2,"168,31K","-1,56%"
2021-12-31,1828.6,1817.0,1831.4,1815.4,"106,60K","0,80%"
2021-12-30,1814.1,1805.6,1818.1,1796.2,"113,43K","0,46%"
2021-12-29,1805.8,1806.6,1808.0,1789.1,"138,69K","-0,28%"
2021-12-28,1810.9,1812.1,1821.6,1805.5,"100,54K","0,12%"
2021-12-27,1808.8,1810.2,1814.6,1803.6,"84,23K","-0,16%"
2021-12-23,1811.7,1805.6,1812.0,1799.0,"104,84K","0,53%"
2021-12-22,1802.2,1789.4,1806.3,1785.8,"110,41K","0,75%"
2021-12-21,1788.7,1791.4,1801.7,1785.0,"134,15K","-0,33%"
2021-12-20,1794.6,1800.2,1804.6,1789.0,"105,39K","-0,57%"
2021-12-17,1804.9,1801.5,1815.7,1796.5,"156,61K","0,37%"
2021-12-16,1798.2,1777.9,1800.7,1775.7,"167,78K","1,91%"
2021-12-15,1764.5,1771.9,1781.3,1753.0,"161,10K","-0,44%"
2021-12-14,1772.3,1787.6,1789.8,1766.1,"153,25K","-0,89%"
2021-12-13,1788.3,1784.2,1792.8,1782.2,"106,06K","0,20%"
2021-12-10,1784.8,1776.3,1791.0,1770.4,"142,00K","0,46%"
2021-12-09,1776.7,1784.3,1788.4,1773.3,"123,97K","-0,49%"
2021-12-08,1785.5,1785.1,1794.3,1780.1,"109,69K","0,04%"
2021-12-07,1784.7,1779.5,1789.3,1772.4,"129,89K","0,29%"
2021-12-06,1779.5,1787.7,1789.0,1776.4,"104,48K","-0,25%"
2021-12-03,1783.9,1769.4,1788.0,1766.0,"175,18K","1,20%"
2021-12-02,1762.7,1783.8,1785.2,1762.2,"172,72K","-1,21%"
2021-12-01,1784.3,1777.4,1795.7,1773.7,"180,34K","0,44%"
2021-11-30,1776.5,1786.9,1811.4,1771.2,"242,86K","-0,49%"
2021-11-29,1785.2,1795.2,1801.5,1782.0,"151,37K","-0,10%"
2021-11-26,1786.9,1788.4,1817.7,1780.5,"2,97K","-0,07%"
2021-11-25,1788.1,1792.3,1819.3,1781.6,"180,64K","0,21%"
2021-11-24,1784.3,1789.8,1796.2,1777.4,"203,24K","0,03%"
2021-11-23,1783.8,1807.1,1812.5,1781.7,"311,35K","-1,25%"
2021-11-22,1806.3,1848.3,1850.4,1802.4,"352,86K","-2,45%"
2021-11-19,1851.6,1860.8,1868.1,1844.2,"234,08K","-0,53%"
2021-11-18,1861.4,1869.5,1873.3,1856.6,"186,06K","-0,47%"
2021-11-17,1870.2,1851.6,1870.6,1851.1,"172,42K","0,87%"
2021-11-16,1854.1,1864.9,1879.5,1851.0,"220,43K","-0,67%"
2021-11-15,1866.6,1872.6,1873.0,1858.5,"221,21K","-0,10%"
2021-11-12,1868.5,1864.3,1871.4,1847.5,"201,36K","0,25%"
2021-11-11,1863.9,1851.5,1868.7,1845.1,"205,31K","0,84%"
2021-11-10,1848.3,1834.5,1870.6,1823.0,"352,79K","0,96%"
2021-11-09,1830.8,1826.9,1834.8,1821.0,"224,41K","0,15%"
2021-11-08,1828.0,1820.6,1828.3,1813.8,"200,41K","0,62%"
2021-11-05,1816.8,1792.6,1820.1,1785.3,"299,62K","1,30%"
2021-11-04,1793.5,1769.9,1800.3,1769.3,"222,61K","1,68%"
2021-11-03,1763.9,1789.2,1789.3,1758.5,"257,43K","-1,43%"
2021-11-02,1789.4,1794.8,1797.8,1787.4,"145,79K","-0,36%"
2021-11-01,1795.8,1785.3,1797.5,1780.2,"143,33K","0,67%"
2021-10-29,1783.9,1801.5,1802.9,1772.4,"254,51K","-1,04%"
2021-10-28,1802.6,1798.7,1812.7,1793.1,"220,88K","0,21%"
2021-10-27,1798.8,1795.0,1801.0,1784.3,"182,80K","0,30%"
2021-10-26,1793.4,1808.7,1809.8,1783.0,"197,93K","-0,74%"
2021-10-25,1806.8,1794.2,1811.5,1793.0,"153,59K","0,58%"
2021-10-22,1796.3,1783.7,1815.5,1783.4,"312,81K","0,81%"
2021-10-21,1781.9,1782.5,1790.3,1776.8,"138,73K","-0,17%"
2021-10-20,1784.9,1769.4,1789.6,1767.1,"174,08K","0,81%"
2021-10-19,1770.5,1764.8,1786.0,1763.4,"166,97K","0,27%"
2021-10-18,1765.7,1767.5,1772.5,1760.3,"152,74K","-0,15%"
2021-10-15,1768.3,1797.3,1797.7,1765.1,"202,63K","-1,65%"
2021-10-14,1797.9,1793.6,1801.9,1787.6,"164,65K","0,18%"
2021-10-13,1794.7,1760.4,1797.4,1757.9,"299,04K","2,01%"
2021-10-12,1759.3,1753.6,1770.0,1750.5,"168,11K","0,21%"
2021-10-11,1755.7,1757.4,1761.1,1749.9,"114,77K","-0,10%"
2021-10-08,1757.4,1757.0,1782.4,1753.6,"240,37K","-0,10%"
2021-10-07,1759.2,1763.8,1767.7,1752.0,"146,41K","-0,15%"
2021-10-06,1761.8,1760.5,1765.9,1745.4,"159,22K","0,05%"
2021-10-05,1760.9,1770.8,1771.1,1748.6,"151,42K","-0,38%"
2021-10-04,1767.6,1762.6,1771.5,1747.7,"166,18K","0,52%"
2021-10-01,1758.4,1757.2,1765.2,1749.9,"151,20K","0,08%"
2021-09-30,1757.0,1726.0,1765.0,1721.8,"246,37K","1,98%"
2021-09-29,1722.9,1734.0,1746.0,1721.1,"177,39K","-0,84%"
2021-09-28,1737.5,1750.0,1754.3,1727.8,"215,84K","-0,83%"
2021-09-27,1752.0,1751.8,1760.9,1744.7,"137,57K","0,02%"
2021-09-24,1751.7,1743.7,1758.0,1740.2,"151,55K","0,11%"
2021-09-23,1749.8,1769.2,1777.1,1737.5,"225,46K","-1,63%"
2021-09-22,1778.8,1775.0,1788.4,1764.6,"172,35K","0,03%"
2021-09-21,1778.2,1765.5,1782.8,1758.3,"141,62K","0,82%"
2021-09-20,1763.8,1754.2,1768.4,1742.3,"152,45K","0,71%"
2021-09-17,1751.4,1754.6,1767.8,1747.1,"183,25K","-0,30%"
2021-09-16,1756.7,1795.5,1797.3,1745.5,"255,27K","-2,12%"
2021-09-15,1794.8,1806.6,1808.5,1791.7,"139,30K","-0,68%"
2021-09-14,1807.1,1794.8,1810.6,1780.6,"197,95K","0,71%"
2021-09-13,1794.4,1789.8,1800.2,1784.4,"114,31K","0,13%"
2021-09-10,1792.1,1796.2,1806.0,1788.2,"136,25K","-0,44%"
2021-09-09,1800.0,1790.9,1803.4,1785.1,"154,13K","0,36%"
2021-09-08,1793.5,1796.1,1804.4,1783.1,"161,26K","-0,22%"
2021-09-07,1797.4,1824.0,1824.4,1792.8,"0,02K","-0,06%"
2021-09-06,1798.5,1833.5,1833.5,1793.7,"252,48K","-1,92%"
2021-09-03,1833.7,1811.5,1836.9,1810.9,"184,98K","1,23%"
2021-09-02,1811.5,1816.2,1819.6,1806.5,"113,03K","-0,25%"
2021-09-01,1816.0,1816.7,1822.7,1810.6,"140,12K","-0,12%"
2021-08-31,1818.1,1812.2,1821.9,1803.4,"170,39K","0,33%"
2021-08-30,1812.2,1821.6,1826.5,1810.0,"104,88K","-0,40%"
2021-08-27,1819.5,1795.2,1821.9,1785.2,"203,64K","1,35%"
2021-08-26,1795.2,1793.0,1800.4,1781.3,"134,53K","0,23%"
2021-08-25,1791.0,1805.1,1805.3,1784.0,"163,46K","-0,97%"
2021-08-24,1808.5,1807.6,1812.2,1802.6,"114,79K","0,12%"
2021-08-23,1806.3,1781.2,1809.1,1778.0,"156,32K","1,25%"
2021-08-20,1784.0,1782.8,1791.0,1780.0,"107,97K","0,05%"
2021-08-19,1783.1,1789.5,1795.0,1774.6,"151,25K","-0,07%"
2021-08-18,1784.4,1787.8,1795.7,1778.8,"132,73K","-0,19%"
2021-08-17,1787.8,1789.1,1797.6,1782.1,"144,82K","-0,11%"
2021-08-16,1789.8,1780.7,1791.3,1772.0,"137,70K","0,65%"
2021-08-13,1778.2,1754.4,1781.9,1753.0,"144,81K","1,51%"
2021-08-12,1751.8,1752.9,1759.6,1742.6,"137,12K","-0,09%"
2021-08-11,1753.3,1730.4,1756.7,1724.6,"185,44K","1,25%"
2021-08-10,1731.7,1732.0,1739.4,1718.5,"182,56K","0,30%"
2021-08-09,1726.5,1765.0,1765.7,1677.9,"289,54K","-2,08%"
2021-08-06,1763.1,1806.7,1807.0,1759.5,"323,15K","-2,53%"
2021-08-05,1808.9,1814.9,1817.9,1799.7,"169,84K","-0,31%"
2021-08-04,1814.5,1813.7,1835.9,1808.3,"244,68K","0,02%"
2021-08-03,1814.1,1816.8,1818.2,1809.5,"103,45K","-0,44%"
2021-08-02,1822.2,1817.0,1823.2,1808.2,"159,76K","0,28%"
2021-07-30,1817.2,1832.5,1835.5,1813.1,"157,14K","-1,01%"
2021-07-29,1835.8,1811.5,1837.5,1810.9,"212,07K","2,01%"
2021-07-28,1799.7,1798.6,1809.0,1790.7,"209,78K","-0,01%"
2021-07-27,1799.8,1797.1,1805.4,1792.8,"177,04K","0,03%"
2021-07-26,1799.2,1802.3,1812.0,1796.0,"204,55K","-0,14%"
2021-07-23,1801.8,1807.7,1810.7,1789.1,"236,76K","-0,20%"
2021-07-22,1805.4,1803.9,1808.4,1791.9,"193,32K","0,11%"
2021-07-21,1803.4,1810.6,1814.4,1794.3,"218,64K","-0,44%"
2021-07-20,1811.4,1813.5,1825.9,1805.2,"221,14K","0,12%"
2021-07-19,1809.2,1811.6,1818.0,1795.0,"249,68K","-0,32%"
2021-07-16,1815.0,1830.7,1832.7,1809.5,"184,66K","-0,77%"
2021-07-15,1829.0,1828.7,1835.0,1820.6,"175,61K","0,22%"
2021-07-14,1825.0,1808.3,1831.1,1804.9,"229,88K","0,83%"
2021-07-13,1809.9,1806.7,1818.0,1798.7,"242,18K","0,22%"
2021-07-12,1805.9,1808.5,1811.0,1791.0,"201,42K","-0,26%"
2021-07-09,1810.6,1803.2,1813.0,1796.6,"185,58K","0,58%"
2021-07-08,1800.2,1803.8,1819.5,1793.5,"249,34K","-0,11%"
2021-07-07,1802.1,1797.0,1810.2,1794.1,"171,08K","0,40%"
2021-07-06,1795.0,1790.7,1814.8,1790.1,"0,26K","0,04%"
2021-07-05,1794.2,1787.5,1815.7,1784.7,"276,60K","0,61%"
2021-07-02,1783.3,1777.5,1795.9,1774.4,"205,86K","0,37%"
2021-07-01,1776.8,1770.8,1783.4,1765.9,"171,44K","0,29%"
2021-06-30,1771.6,1761.9,1774.7,1753.2,"177,89K","0,45%"
2021-06-29,1763.6,1778.8,1779.2,1750.1,"239,91K","-0,96%"
2021-06-28,1780.7,1782.0,1786.1,1770.4,"160,79K","0,16%"
2021-06-25,1777.8,1775.7,1791.0,1773.6,"161,20K","0,06%"
2021-06-24,1776.7,1778.2,1788.6,1772.7,"152,23K","-0,38%"
2021-06-23,1783.4,1779.1,1795.6,1773.1,"179,27K","0,34%"
2021-06-22,1777.4,1783.2,1790.1,1771.2,"172,75K","-0,31%"
2021-06-21,1782.9,1764.3,1786.9,1764.1,"195,52K","0,79%"
2021-06-18,1769.0,1773.9,1797.9,1761.2,"264,61K","-0,33%"
2021-06-17,1774.8,1812.3,1826.4,1767.9,"385,89K","-4,65%"
2021-06-16,1861.4,1861.0,1866.0,1804.4,"234,10K","0,27%"
2021-06-15,1856.4,1867.8,1870.9,1853.0,"155,34K","-0,51%"
2021-06-14,1865.9,1879.6,1879.7,1845.7,"242,30K","-0,73%"
2021-06-11,1879.6,1901.9,1906.2,1876.1,"220,46K","-0,89%"
2021-06-10,1896.4,1891.4,1903.0,1871.8,"250,55K","0,05%"
2021-06-09,1895.5,1894.4,1901.7,1889.3,"147,33K","0,06%"
2021-06-08,1894.4,1901.6,1906.9,1885.7,"173,60K","-0,23%"
2021-06-07,1898.8,1894.3,1902.9,1883.7,"146,02K","0,36%"
2021-06-04,1892.0,1872.7,1899.0,1855.6,"228,83K","1,00%"
2021-06-03,1873.3,1910.5,1912.3,1866.7,"278,58K","-1,92%"
2021-06-02,1909.9,1903.0,1911.8,1896.4,"166,04K","0,26%"
2021-06-01,1905.0,1906.8,1919.2,1894.5,"290,65K","0,00%"
2021-05-31,1905.0,1906.8,1919.2,1894.5,"290,65K","-0,02%"
2021-05-28,1905.3,1899.8,1908.8,1884.3,"198,14K","0,51%"
2021-05-27,1895.7,1896.8,1903.9,1888.2,"35,79K","-0,29%"
2021-05-26,1901.2,1900.0,1913.3,1890.7,"170,53K","0,17%"
2021-05-25,1898.0,1881.2,1901.2,1873.2,"316,67K","0,72%"
2021-05-24,1884.5,1883.5,1887.9,1875.7,"183,31K","0,42%"
2021-05-21,1876.7,1878.1,1890.3,1870.3,"234,29K","-0,28%"
2021-05-20,1881.9,1869.9,1885.3,1864.2,"223,57K","0,02%"
2021-05-19,1881.5,1870.2,1891.3,1852.2,"398,21K","0,72%"
2021-05-18,1868.0,1867.3,1875.9,1863.5,"229,02K","0,02%"
2021-05-17,1867.6,1845.9,1869.3,1841.1,"267,71K","1,60%"
2021-05-14,1838.1,1826.4,1847.1,1819.0,"224,38K","0,77%"
2021-05-13,1824.0,1816.2,1829.1,1808.4,"249,93K","0,07%"
2021-05-12,1822.8,1838.2,1844.7,1813.0,"339,21K","-0,72%"
2021-05-11,1836.1,1836.2,1842.5,1817.8,"311,10K","-0,08%"
2021-05-10,1837.6,1835.4,1846.3,1830.5,"269,71K","0,34%"
2021-05-07,1831.3,1815.4,1844.6,1813.4,"367,70K","0,86%"
2021-05-06,1815.7,1787.0,1818.6,1781.8,"287,63K","1,76%"
2021-05-05,1784.3,1778.4,1788.1,1769.3,"178,81K","0,47%"
2021-05-04,1776.0,1793.2,1799.5,1769.2,"246,59K","-0,88%"
2021-05-03,1791.8,1768.1,1798.9,1765.6,"204,54K","1,36%"
2021-04-30,1767.7,1772.4,1773.3,1763.3,"167,29K","-0,03%"
2021-04-29,1768.3,1781.9,1789.9,1754.6,"231,52K","-0,32%"
2021-04-28,1773.9,1776.4,1782.7,1761.8,"198,58K","-0,28%"
2021-04-27,1778.8,1781.1,1785.9,1773.9,"147,95K","-0,07%"
2021-04-26,1780.1,1776.1,1783.1,1768.2,"143,36K","0,13%"
2021-04-23,1777.8,1784.0,1796.3,1769.5,"175,85K","-0,24%"
2021-04-22,1782.0,1794.5,1798.1,1777.1,"163,75K","-0,62%"
2021-04-21,1793.1,1779.1,1798.4,1776.6,"173,97K","0,83%"
2021-04-20,1778.4,1770.5,1780.8,1763.5,"169,04K","0,44%"
2021-04-19,1770.6,1778.8,1790.4,1766.6,"180,73K","-0,54%"
2021-04-16,1780.2,1764.8,1784.7,1760.3,"173,50K","0,76%"
2021-04-15,1766.8,1736.6,1770.6,1734.4,"198,14K","1,76%"
2021-04-14,1736.3,1746.4,1750.7,1732.3,"145,26K","-0,65%"
2021-04-13,1747.6,1732.2,1749.5,1723.2,"175,59K","0,86%"
2021-04-12,1732.7,1744.5,1746.2,1727.0,"125,36K","-0,69%"
2021-04-09,1744.8,1756.5,1758.2,1730.8,"171,40K","-0,76%"
2021-04-08,1758.2,1738.6,1759.4,1733.6,"144,57K","0,95%"
2021-04-07,1741.6,1744.4,1745.4,1731.2,"122,80K","-0,08%"
2021-04-06,1743.0,1729.2,1746.7,1728.2,"152,60K","0,82%"
2021-04-05,1728.8,1730.0,1734.4,1721.6,"101,75K","0,02%"
2021-04-01,1728.4,1709.0,1732.0,1706.4,"170,43K","0,75%"
2021-03-31,1715.6,1685.9,1716.3,1677.3,"210,77K","1,76%"
2021-03-30,1686.0,1713.0,1714.8,1678.3,"225,87K","-1,53%"
2021-03-29,1712.2,1731.5,1732.6,1703.3,"135,46K","-1,16%"
2021-03-26,1732.3,1725.5,1735.5,1718.8,"172,94K","0,42%"
2021-03-25,1725.1,1733.2,1744.8,1720.3,"226,21K","-0,47%"
2021-03-24,1733.2,1725.9,1737.7,1722.3,"186,52K","0,47%"
2021-03-23,1725.1,1738.5,1742.0,1722.7,"226,20K","-0,75%"
2021-03-22,1738.1,1745.6,1747.0,1726.4,"196,31K","-0,21%"
2021-03-19,1741.7,1733.7,1746.1,1727.1,"213,28K","0,53%"
2021-03-18,1732.5,1744.0,1754.2,1716.6,"251,76K","0,31%"
2021-03-17,1727.1,1730.0,1750.6,1722.0,"220,55K","-0,22%"
2021-03-16,1730.9,1730.7,1740.5,1724.4,"173,89K","0,10%"
2021-03-15,1729.2,1726.5,1733.2,1719.2,"163,05K","0,55%"
2021-03-12,1719.8,1720.5,1728.0,1696.6,"232,21K","-0,16%"
2021-03-11,1722.6,1725.0,1738.0,1716.8,"215,34K","0,05%"
2021-03-10,1721.8,1714.5,1725.3,1705.6,"226,89K","0,29%"
2021-03-09,1716.9,1679.3,1718.7,1676.7,"248,95K","2,32%"
2021-03-08,1678.0,1701.6,1712.0,1673.3,"273,91K","-1,21%"
2021-03-05,1698.5,1695.3,1705.7,1683.0,"269,33K","-0,13%"
2021-03-04,1700.7,1708.4,1721.6,1687.6,"277,45K","-0,88%"
2021-03-03,1715.8,1736.5,1739.1,1699.4,"255,65K","-1,03%"
2021-03-02,1733.6,1722.8,1737.8,1704.6,"235,96K","0,62%"
2021-03-01,1723.0,1732.8,1757.4,1717.2,"241,92K","-0,34%"
2021-02-26,1728.8,1770.9,1773.8,1714.9,"362,55K","-2,62%"
2021-02-25,1775.4,1804.9,1805.0,1763.9,"316,25K","-1,25%"
2021-02-24,1797.9,1805.0,1813.0,1782.2,"224,06K","-0,44%"
2021-02-23,1805.9,1809.3,1815.2,1794.5,"191,15K","-0,14%"
2021-02-22,1808.4,1782.0,1812.4,1778.6,"221,20K","1,74%"
2021-02-19,1777.4,1774.6,1790.9,1759.0,"251,78K","0,14%"
2021-02-18,1775.0,1776.0,1788.8,1766.6,"224,77K","0,12%"
2021-02-17,1772.8,1793.1,1794.2,1767.9,"257,34K","-1,46%"
2021-02-16,1799.0,1826.0,1827.1,1788.1,"355,92K","0,00%"
2021-02-15,1799.0,1826.0,1827.1,1788.1,"355,92K","-1,33%"
2021-02-12,1823.2,1825.4,1831.5,1810.1,"171,90K","-0,20%"
2021-02-11,1826.8,1844.3,1848.6,1821.7,"147,02K","-0,86%"
2021-02-10,1842.7,1838.3,1856.6,1834.0,"176,44K","0,28%"
2021-02-09,1837.5,1832.4,1849.5,1830.3,"154,39K","0,18%"
2021-02-08,1834.2,1818.1,1840.6,1807.3,"177,56K","1,17%"
2021-02-05,1813.0,1794.3,1816.0,1792.2,"205,76K","1,22%"
2021-02-04,1791.2,1834.5,1835.7,1784.6,"279,62K","-2,39%"
2021-02-03,1835.1,1838.5,1845.9,1830.1,"137,23K","0,09%"
2021-02-02,1833.4,1863.6,1866.3,1830.4,"236,00K","-1,64%"
2021-02-01,1863.9,1865.0,1876.0,1851.7,"242,05K","0,74%"
2021-01-29,1850.3,1845.6,1878.9,1841.2,"276,17K","0,49%"
2021-01-28,1841.2,1847.2,1867.0,1835.6,"277,59K","-0,20%"
2021-01-27,1844.9,1849.7,1851.5,1828.4,"195,54K","-0,32%"
2021-01-26,1850.9,1854.9,1860.8,1847.2,"170,26K","-0,23%"
2021-01-25,1855.2,1855.3,1867.4,1846.2,"211,98K","-0,05%"
2021-01-22,1856.2,1870.1,1870.8,1836.3,"249,72K","-0,52%"
2021-01-21,1865.9,1871.0,1874.6,1857.5,"196,94K","-0,03%"
2021-01-20,1866.5,1839.9,1872.0,1831.1,"274,40K","1,33%"
2021-01-19,1842.0,1830.6,1846.0,1804.2,"0,40K","0,10%"
2021-01-18,1840.2,1828.8,1845.0,1800.8,"331,59K","0,56%"
2021-01-15,1829.9,1847.3,1856.6,1822.1,"231,11K","-1,16%"
2021-01-14,1851.4,1845.6,1857.6,1826.6,"257,66K","-0,19%"
2021-01-13,1854.9,1855.0,1863.0,1841.6,"225,99K","0,58%"
2021-01-12,1844.2,1845.4,1864.0,1835.8,"240,66K","-0,36%"
2021-01-11,1850.8,1849.4,1856.0,1817.1,"268,36K","0,84%"
2021-01-08,1835.4,1915.2,1918.4,1827.8,"443,51K","-4,09%"
2021-01-07,1913.6,1921.5,1929.6,1907.5,"199,98K","0,26%"
2021-01-06,1908.6,1952.8,1962.5,1902.6,"366,61K","-2,34%"
2021-01-05,1954.4,1946.0,1957.0,1938.4,"201,95K","0,40%"
2021-01-04,1946.6,1908.2,1948.7,1906.1,"273,37K","2,72%"
2020-12-31,1895.1,1899.0,1904.9,1889.1,"130,63K","0,09%"
2020-12-30,1893.4,1881.8,1899.0,1879.5,"133,66K","0,56%"
2020-12-29,1882.9,1878.0,1891.3,1875.6,"149,27K","0,13%"
2020-12-28,1880.4,1887.0,1904.1,1873.0,"196,76K","-0,15%"
2020-12-24,1883.2,1877.3,1887.4,1873.1,"89,41K","0,27%"
2020-12-23,1878.1,1865.6,1883.7,1860.9,"162,54K","0,42%"
2020-12-22,1870.3,1883.0,1889.4,1863.7,"176,02K","-0,66%"
2020-12-21,1882.8,1892.9,1912.0,1859.0,"232,05K","-0,32%"
2020-12-18,1888.9,1891.3,1895.7,1881.9,"153,23K","-0,08%"
2020-12-17,1890.4,1868.4,1902.0,1865.9,"219,87K","1,68%"
2020-12-16,1859.1,1857.7,1870.0,1848.2,"199,68K","0,20%"
2020-12-15,1855.3,1830.5,1859.3,1828.5,"173,61K","1,27%"
2020-12-14,1832.1,1845.0,1845.6,1820.0,"168,49K","-0,62%"
2020-12-11,1843.6,1840.0,1851.8,1826.8,"153,80K","0,34%"
2020-12-10,1837.4,1843.0,1854.2,1831.5,"164,80K","-0,06%"
2020-12-09,1838.5,1875.4,1875.9,1828.2,"219,59K","-1,94%"
2020-12-08,1874.9,1866.1,1879.8,1863.9,"151,79K","0,48%"
2020-12-07,1866.0,1841.1,1873.0,1824.8,"209,04K","1,41%"
2020-12-04,1840.0,1844.7,1852.7,1832.0,"171,26K","-0,06%"
2020-12-03,1841.1,1833.9,1847.4,1826.7,"180,36K","0,60%"
2020-12-02,1830.2,1819.1,1835.7,1810.5,"185,32K","0,62%"
2020-12-01,1818.9,1780.3,1821.1,1778.4,"203,65K","2,13%"
2020-11-30,1780.9,1790.8,1793.3,1767.2,"242,73K","-0,40%"
2020-11-27,1788.1,1812.1,1822.6,1776.5,"282,35K","0,00%"
2020-11-26,1788.1,1812.1,1822.6,1776.5,"282,35K","-0,96%"
2020-11-25,1805.5,1805.2,1816.3,1798.6,"205,75K","0,05%"
2020-11-24,1804.6,1835.7,1836.9,1797.1,"367,88K","-1,81%"
2020-11-23,1837.8,1869.8,1875.0,1828.0,"319,66K","-1,85%"
2020-11-20,1872.4,1864.8,1879.2,1859.1,"186,17K","0,59%"
2020-11-19,1861.5,1872.0,1872.6,1850.0,"222,35K","-0,66%"
2020-11-18,1873.9,1879.5,1884.2,1860.3,"209,00K","-0,59%"
2020-11-17,1885.1,1888.2,1892.7,1876.3,"160,88K","-0,14%"
2020-11-16,1887.8,1886.6,1898.0,1861.5,"222,94K","0,08%"
2020-11-13,1886.2,1875.6,1895.8,1872.1,"162,54K","0,69%"
2020-11-12,1873.3,1863.9,1883.0,1860.7,"209,93K","0,63%"
2020-11-11,1861.6,1876.1,1882.5,1853.9,"215,17K","-0,79%"
2020-11-10,1876.4,1864.1,1888.9,1858.9,"264,87K","1,19%"
2020-11-09,1854.4,1956.0,1966.1,1848.0,"496,09K","-4,99%"
2020-11-06,1951.7,1950.0,1961.8,1937.2,"246,78K","0,25%"
2020-11-05,1946.8,1903.4,1954.3,1902.2,"297,51K","2,67%"
2020-11-04,1896.2,1910.3,1917.9,1881.8,"293,95K","-0,74%"
2020-11-03,1910.4,1896.4,1912.2,1887.6,"171,37K","0,95%"
2020-11-02,1892.5,1877.0,1897.1,1873.3,"164,94K","0,67%"
2020-10-30,1879.9,1867.9,1890.9,1863.3,"213,17K","0,64%"
2020-10-29,1868.0,1877.5,1885.1,1859.2,"225,16K","-0,60%"
2020-10-28,1879.2,1909.8,1912.6,1869.1,"297,09K","-1,71%"
2020-10-27,1911.9,1904.4,1913.8,1898.7,"153,30K","0,33%"
2020-10-26,1905.7,1906.0,1911.1,1892.5,"166,31K","0,03%"
2020-10-23,1905.2,1906.5,1917.3,1895.2,"172,96K","0,03%"
2020-10-22,1904.6,1927.4,1929.4,1894.2,"215,58K","-1,29%"
2020-10-21,1929.5,1911.6,1936.0,1911.6,"201,27K","0,74%"
2020-10-20,1915.4,1906.4,1917.6,1896.6,"163,91K","0,19%"
2020-10-19,1911.7,1903.2,1923.4,1900.2,"159,85K","0,28%"
2020-10-16,1906.4,1912.7,1918.7,1901.1,"146,91K","-0,13%"
2020-10-15,1908.9,1906.0,1913.2,1892.7,"213,57K","0,08%"
2020-10-14,1907.3,1895.4,1917.5,1885.0,"188,30K","0,67%"
2020-10-13,1894.6,1927.3,1930.6,1889.3,"267,54K","-1,78%"
2020-10-12,1928.9,1935.0,1939.4,1923.8,"157,21K","0,14%"
2020-10-09,1926.2,1898.4,1936.8,1898.0,"229,85K","1,64%"
2020-10-08,1895.1,1890.6,1905.3,1885.3,"185,45K","0,23%"
2020-10-07,1890.8,1882.6,1902.4,1877.1,"188,59K","-0,94%"
2020-10-06,1908.8,1917.8,1927.0,1878.2,"219,44K","-0,59%"
2020-10-05,1920.1,1910.9,1924.9,1891.2,"177,59K","0,66%"
2020-10-02,1907.6,1911.0,1923.6,1895.2,"212,73K","-0,45%"
2020-10-01,1916.3,1891.2,1917.9,1890.0,"262,09K","1,10%"
2020-09-30,1895.5,1903.2,1908.2,1885.8,"259,87K","-0,40%"
2020-09-29,1903.2,1886.4,1904.8,1880.8,"217,80K","1,11%"
2020-09-28,1882.3,1862.7,1888.2,1851.1,"235,92K","0,86%"
2020-09-25,1866.3,1872.7,1879.3,1854.1,"230,86K","-0,56%"
2020-09-24,1876.9,1866.9,1880.9,1851.0,"345,04K","0,45%"
2020-09-23,1868.4,1905.1,1909.9,1856.0,"411,56K","-2,05%"
2020-09-22,1907.6,1918.1,1925.5,1898.9,"282,71K","-0,16%"
2020-09-21,1910.6,1957.3,1962.9,1885.4,"386,67K","-2,62%"
2020-09-18,1962.1,1951.1,1968.2,1951.1,"176,07K","0,63%"
2020-09-17,1949.9,1967.6,1969.3,1938.2,"273,14K","-1,05%"
2020-09-16,1970.5,1961.4,1983.8,1957.2,"298,39K","0,22%"
2020-09-15,1966.2,1966.2,1982.4,1955.6,"239,54K","0,13%"
2020-09-14,1963.7,1948.9,1972.5,1945.2,"200,09K","0,81%"
2020-09-11,1947.9,1953.8,1963.4,1944.0,"205,23K","-0,83%"
2020-09-10,1964.3,1955.3,1975.2,1948.6,"271,48K","0,48%"
2020-09-09,1954.9,1939.4,1959.7,1926.3,"227,18K","0,79%"
2020-09-08,1939.5,1937.4,1937.4,1909.0,"0,04K","-0,19%"
2020-09-07,1943.2,1938.0,1948.3,1911.7,"416,01K","0,46%"
2020-09-04,1934.3,1938.0,1956.6,1921.6,"304,74K","-0,18%"
2020-09-03,1937.8,1948.9,1956.6,1927.2,"303,03K","-0,35%"
2020-09-02,1944.7,1976.8,1980.4,1938.9,"332,59K","-1,73%"
2020-09-01,1978.9,1973.7,2001.2,1969.2,"304,89K","0,02%"
2020-08-31,1978.6,1973.9,1985.8,1962.3,"245,11K","0,19%"
2020-08-28,1974.9,1937.5,1983.0,1928.2,"334,10K","2,19%"
2020-08-27,1932.6,1963.0,1987.0,1914.7,"467,17K","-1,02%"
2020-08-26,1952.5,1939.0,1963.4,1908.4,"342,21K","1,53%"
2020-08-25,1923.1,1935.9,1944.1,1919.1,"274,11K","-0,83%"
2020-08-24,1939.2,1947.9,1970.3,1930.8,"286,26K","-0,40%"
2020-08-21,1947.0,1955.6,1963.1,1916.6,"355,07K","0,03%"
2020-08-20,1946.5,1934.4,1963.1,1928.9,"383,34K","-1,21%"
2020-08-19,1970.3,2010.5,2015.6,1930.5,"443,26K","-2,13%"
2020-08-18,2013.1,1993.6,2024.6,1985.2,"361,48K","0,72%"
2020-08-17,1998.7,1956.4,2000.8,1939.1,"289,44K","2,51%"
2020-08-14,1949.8,1963.8,1970.0,1939.1,"241,80K","-1,05%"
2020-08-13,1970.4,1927.3,1974.8,1923.0,"349,89K","1,10%"
2020-08-12,1949.0,1921.6,1961.0,1874.2,"459,84K","0,14%"
2020-08-11,1946.3,2038.4,2040.5,1911.3,"565,00K","-4,58%"
2020-08-10,2039.7,2044.8,2060.8,2027.8,"251,31K","0,58%"
2020-08-07,2028.0,2076.4,2089.2,2024.8,"398,13K","-2,00%"
2020-08-06,2069.4,2055.0,2081.8,2049.0,"312,76K","0,98%"
2020-08-05,2049.3,2037.0,2070.3,2027.5,"366,38K","1,40%"
2020-08-04,2021.0,1993.5,2037.7,1982.6,"274,42K","1,75%"
2020-08-03,1986.3,1997.4,2009.5,1975.2,"178,75K","0,02%"
2020-07-31,1985.9,1973.6,2005.4,1971.4,"279,32K","0,97%"
2020-07-30,1966.8,1986.4,1987.3,1952.3,"271,38K","0,69%"
2020-07-29,1953.4,1950.6,1974.9,1935.2,"209,84K","0,45%"
2020-07-28,1944.6,1937.1,1974.7,1900.2,"434,45K","0,70%"
2020-07-27,1931.0,1901.2,1941.9,1899.0,"428,23K","1,77%"
2020-07-24,1897.5,1884.9,1904.6,1880.5,"300,17K","0,40%"
2020-07-23,1890.0,1871.6,1897.7,1863.1,"418,75K","1,34%"
2020-07-22,1865.1,1842.8,1871.8,1842.1,"382,23K","1,15%"
2020-07-21,1843.9,1819.6,1844.9,1817.2,"271,09K","1,46%"
2020-07-20,1817.4,1812.3,1823.4,1806.6,"177,74K","0,41%"
2020-07-17,1810.0,1796.9,1813.9,1795.2,"167,01K","0,54%"
2020-07-16,1800.3,1813.1,1816.2,1794.1,"196,57K","-0,74%"
2020-07-15,1813.8,1811.1,1819.5,1804.0,"183,06K","0,02%"
2020-07-14,1813.4,1805.2,1815.0,1791.1,"253,21K","-0,04%"
2020-07-13,1814.1,1803.4,1818.8,1802.1,"230,40K","0,68%"
2020-07-10,1801.9,1808.4,1817.0,1796.5,"223,83K","-0,11%"
2020-07-09,1803.8,1818.8,1825.5,1799.6,"283,37K","-0,92%"
2020-07-08,1820.6,1807.9,1829.8,1803.8,"247,50K","0,59%"
2020-07-07,1809.9,1793.9,1810.8,1781.2,"221,73K","0,61%"
2020-07-06,1799.0,1793.7,1801.6,1788.6,"0,11K","0,31%"
2020-07-03,1793.5,1787.9,1799.0,1779.2,"184,65K","0,20%"
2020-07-02,1790.0,1779.0,1791.7,1766.3,"186,31K","0,57%"
2020-07-01,1779.9,1798.9,1807.7,1767.9,"263,25K","-1,14%"
2020-06-30,1800.5,1784.2,1804.0,1774.8,"199,42K","1,08%"
2020-06-29,1781.2,1789.2,1790.4,1776.5,"130,51K","0,05%"
2020-06-26,1780.3,1774.8,1786.2,1754.0,"201,23K","0,55%"
2020-06-25,1770.6,1772.3,1779.6,1764.1,"152,20K","-0,25%"
2020-06-24,1775.1,1784.4,1796.1,1770.6,"239,53K","-0,39%"
2020-06-23,1782.0,1764.9,1786.8,1758.3,"194,68K","0,88%"
2020-06-22,1766.4,1765.8,1779.0,1753.5,"228,68K","0,76%"
2020-06-19,1753.0,1729.8,1760.9,1728.3,"181,15K","1,27%"
2020-06-18,1731.1,1735.5,1749.2,1722.7,"155,91K","-0,26%"
2020-06-17,1735.6,1735.3,1739.3,1717.3,"140,07K","-0,05%"
2020-06-16,1736.5,1732.3,1741.3,1721.8,"182,42K","0,54%"
2020-06-15,1727.2,1740.7,1743.8,1706.2,"200,23K","-0,58%"
2020-06-12,1737.3,1733.6,1753.0,1728.2,"151,40K","-0,14%"
2020-06-11,1739.8,1746.6,1754.9,1727.5,"205,35K","1,11%"
2020-06-10,1720.7,1718.9,1749.4,1714.1,"198,76K","-0,07%"
2020-06-09,1721.9,1703.9,1729.4,1697.6,"182,91K","0,99%"
2020-06-08,1705.1,1686.7,1707.6,1680.7,"154,77K","1,31%"
2020-06-05,1683.0,1720.8,1723.2,1671.7,"273,68K","-2,57%"
2020-06-04,1727.4,1702.8,1729.0,1698.9,"198,72K","1,33%"
2020-06-03,1704.8,1733.7,1738.9,1690.3,"256,52K","-1,68%"
2020-06-02,1734.0,1750.3,1757.0,1728.0,"175,35K","-0,93%"
2020-06-01,1750.3,1749.8,1761.0,1737.6,"146,13K","-0,08%"
2020-05-29,1751.7,1732.7,1754.5,1725.3,"150,11K","1,35%"
2020-05-28,1728.3,1725.0,1743.7,1720.0,"164,82K","1,03%"
2020-05-27,1710.7,1703.1,1713.2,1684.2,"137,42K","-0,38%"
2020-05-26,1717.3,1739.8,1745.6,1711.3,"3,44K","0,69%"
2020-05-25,1705.6,1734.8,1737.2,1700.0,"313,17K","-1,72%"
2020-05-22,1735.5,1726.0,1742.0,1722.5,"196,82K","0,79%"
2020-05-21,1721.9,1751.7,1751.7,1715.3,"238,74K","-1,72%"
2020-05-20,1752.1,1749.2,1757.6,1744.0,"184,46K","0,37%"
2020-05-19,1745.6,1734.8,1751.6,1727.2,"185,26K","0,65%"
2020-05-18,1734.4,1757.5,1775.8,1729.3,"271,47K","-1,25%"
2020-05-15,1756.3,1738.5,1761.2,1736.8,"200,18K","0,88%"
2020-05-14,1740.9,1723.1,1746.5,1716.0,"212,91K","1,43%"
2020-05-13,1716.4,1705.0,1726.5,1701.6,"211,61K","0,56%"
2020-05-12,1706.8,1700.0,1716.7,1693.5,"198,07K","0,52%"
2020-05-11,1698.0,1706.0,1713.8,1692.1,"202,17K","-0,93%"
2020-05-08,1713.9,1727.2,1735.5,1703.1,"232,81K","-0,69%"
2020-05-07,1725.8,1686.0,1733.2,1683.9,"250,70K","2,21%"
2020-05-06,1688.5,1714.1,1716.6,1683.0,"203,37K","-1,29%"
2020-05-05,1710.6,1711.0,1717.8,1695.4,"184,73K","-0,16%"
2020-05-04,1713.3,1711.2,1726.0,1700.3,"148,73K","0,73%"
2020-05-01,1700.9,1693.5,1714.4,1676.0,"168,02K","0,40%"
2020-04-30,1694.2,1729.6,1737.0,1687.5,"234,53K","-1,12%"
2020-04-29,1713.4,1724.8,1733.5,1708.2,"159,60K","-0,51%"
2020-04-28,1722.2,1724.4,1731.9,1704.1,"171,34K","-0,09%"
2020-04-27,1723.8,1745.0,1745.8,1720.0,"146,64K","-0,68%"
2020-04-24,1735.6,1753.0,1760.2,1725.4,"180,24K","-0,56%"
2020-04-23,1745.4,1736.5,1764.2,1730.6,"201,88K","0,41%"
2020-04-22,1738.3,1703.1,1742.4,1695.4,"193,73K","2,99%"
2020-04-21,1687.8,1713.3,1718.0,1666.2,"248,63K","-1,37%"
2020-04-20,1711.2,1693.0,1718.4,1685.0,"186,91K","0,73%"
2020-04-17,1698.8,1738.5,1738.8,1691.2,"227,07K","-1,90%"
2020-04-16,1731.7,1743.5,1768.0,1722.6,"204,23K","-0,49%"
2020-04-15,1740.2,1758.1,1759.8,1731.6,"186,70K","-1,62%"
2020-04-14,1768.9,1761.5,1788.8,1747.1,"241,19K","0,43%"
2020-04-13,1761.4,1742.3,1772.8,1724.2,"166,89K","0,49%"
2020-04-09,1752.8,1680.5,1754.5,1676.5,"218,80K","4,07%"
2020-04-08,1684.3,1678.7,1695.8,1670.7,"125,33K","0,04%"
2020-04-07,1683.7,1707.1,1742.6,1672.0,"204,50K","-0,60%"
2020-04-06,1693.9,1647.7,1715.8,1638.2,"192,75K","2,93%"
2020-04-03,1645.7,1635.3,1652.8,1624.4,"139,61K","0,49%"
2020-04-02,1637.7,1602.4,1645.6,1595.2,"167,71K","2,91%"
2020-04-01,1591.4,1589.4,1612.4,1576.0,"164,48K","-0,33%"
2020-03-31,1596.6,1643.4,1645.6,1588.2,"176,55K","-2,84%"
2020-03-30,1643.2,1663.4,1673.6,1632.0,"157,37K","-0,66%"
2020-03-27,1654.1,1653.4,1661.0,1630.7,"159,26K","0,18%"
2020-03-26,1651.2,1642.5,1672.5,1611.0,"215,97K","1,09%"
2020-03-25,1633.4,1666.2,1699.3,1615.2,"254,19K","-1,65%"
2020-03-24,1660.8,1563.8,1698.0,1560.5,"418,78K","5,95%"
2020-03-23,1567.6,1505.0,1569.3,1484.6,"362,07K","5,59%"
2020-03-20,1484.6,1471.6,1519.4,1457.5,"269,97K","0,36%"
2020-03-19,1479.3,1487.2,1502.8,1460.1,"325,29K","0,09%"
2020-03-18,1477.9,1527.6,1547.0,1473.3,"435,19K","-3,14%"
2020-03-17,1525.8,1512.8,1554.3,1465.6,"434,51K","2,64%"
2020-03-16,1486.5,1563.8,1574.8,1450.9,"565,98K","-1,99%"
2020-03-13,1516.7,1582.7,1597.9,1504.0,"551,05K","-4,63%"
2020-03-12,1590.3,1633.1,1651.0,1560.4,"605,72K","-3,17%"
2020-03-11,1642.3,1649.3,1671.8,1632.4,"404,35K","-1,08%"
2020-03-10,1660.3,1679.6,1681.3,1641.1,"385,48K","-0,92%"
2020-03-09,1675.7,1692.6,1704.3,1658.0,"504,16K","0,20%"
2020-03-06,1672.4,1673.1,1692.8,1642.4,"659,63K","0,26%"
2020-03-05,1668.0,1638.2,1675.5,1635.6,"363,00K","1,52%"
2020-03-04,1643.0,1640.1,1654.3,1632.6,"313,34K","-0,09%"
2020-03-03,1644.4,1586.0,1650.5,1585.9,"466,53K","3,11%"
2020-03-02,1594.8,1592.8,1612.1,1576.3,"443,53K","1,79%"
2020-02-28,1566.7,1646.1,1651.0,1564.0,"745,84K","-4,61%"
2020-02-27,1642.5,1643.0,1662.5,1636.7,"573,29K","-0,04%"
2020-02-26,1643.1,1637.3,1657.1,1626.6,"531,90K","-0,42%"
2020-02-25,1650.0,1661.8,1666.7,1627.0,"672,76K","-1,59%"
2020-02-24,1676.6,1656.0,1691.7,1652.8,"680,82K","1,69%"
2020-02-21,1648.8,1623.6,1652.1,1621.6,"489,19K","1,75%"
2020-02-20,1620.5,1615.0,1626.5,1606.6,"403,04K","0,54%"
2020-02-19,1611.8,1604.8,1615.9,1602.4,"307,89K","0,51%"
2020-02-18,1603.6,1585.1,1608.2,1581.8,"414,24K","0,00%"
2020-02-17,1603.6,1585.1,1608.2,1581.8,"414,24K","1,08%"
2020-02-14,1586.4,1579.0,1588.2,1576.0,"227,11K","0,48%"
2020-02-13,1578.8,1569.8,1581.7,1568.5,"276,25K","0,46%"
2020-02-12,1571.6,1571.2,1573.6,1564.4,"189,55K","0,10%"
2020-02-11,1570.1,1575.5,1577.5,1565.2,"231,83K","-0,60%"
2020-02-10,1579.5,1575.8,1580.5,1571.5,"191,75K","0,39%"
2020-02-07,1573.4,1570.7,1577.8,1563.5,"286,42K","0,22%"
2020-02-06,1570.0,1560.0,1571.9,1556.0,"229,00K","0,46%"
2020-02-05,1562.8,1556.1,1566.2,1551.1,"306,05K","0,47%"
2020-02-04,1555.5,1581.5,1584.5,1552.8,"349,00K","-1,70%"
2020-02-03,1582.4,1597.8,1598.5,1573.2,"320,60K","-0,35%"
2020-01-31,1587.9,1578.4,1595.5,1575.0,"343,37K","-0,08%"
2020-01-30,1589.2,1582.4,1590.7,1576.8,"382,60K","1,20%"
2020-01-29,1570.4,1566.3,1577.7,1562.0,"251,27K","0,04%"
2020-01-28,1569.8,1580.6,1582.2,1564.6,"378,01K","-0,48%"
2020-01-27,1577.4,1580.5,1588.4,1575.3,"398,06K","0,35%"
2020-01-24,1571.9,1562.9,1575.5,1555.8,"427,14K","0,42%"
2020-01-23,1565.4,1558.9,1567.5,1551.3,"361,03K","0,56%"
2020-01-22,1556.7,1558.9,1559.8,1550.0,"286,08K","-0,26%"
2020-01-21,1560.8,1567.0,1571.4,1549.2,"2,22K","0,19%"
2020-01-20,1557.9,1557.3,1568.8,1546.0,"462,62K","-0,15%"
2020-01-17,1560.3,1553.0,1561.4,1549.3,"264,93K","0,63%"
2020-01-16,1550.5,1556.6,1558.2,1548.0,"260,05K","-0,23%"
2020-01-15,1554.0,1546.8,1558.8,1546.5,"310,07K","0,61%"
2020-01-14,1544.6,1548.6,1549.5,1536.4,"340,91K","-0,39%"
2020-01-13,1550.6,1563.0,1563.1,1547.0,"311,73K","-0,61%"
2020-01-10,1560.1,1553.4,1564.1,1546.7,"344,34K","0,37%"
2020-01-09,1554.3,1557.7,1562.4,1541.0,"372,88K","-0,38%"
2020-01-08,1560.2,1578.8,1613.3,1553.4,"813,41K","-0,90%"
2020-01-07,1574.3,1567.4,1579.2,1557.0,"435,87K","0,35%"
2020-01-06,1568.8,1562.7,1590.9,1562.3,"558,97K","1,06%"
2020-01-03,1552.4,1531.7,1556.6,1530.4,"436,74K","1,59%"
2020-01-02,1528.1,1521.0,1534.0,1519.7,"270,55K","0,33%"
