Date,Open,High,Low,Close Adj,Volume,Var%
2023-10-30,85.0,85.3,81.82,82.31,,"-2,65%"
2023-10-29,85.14,85.18,83.77,84.55,,"-1,16%"
2023-10-27,83.53,85.9,83.1,85.54,"333,76K","2,80%"
2023-10-26,85.37,85.59,82.56,83.21,"341,79K","-2,55%"
2023-10-25,83.69,85.56,82.08,85.39,"429,46K","1,97%"
2023-10-24,86.15,86.3,82.94,83.74,"370,59K","-2,05%"
2023-10-23,88.0,88.29,85.35,85.49,"315,52K","-3,67%"
2023-10-20,90.28,90.78,88.33,88.75,"27,31K","-0,69%"
2023-10-19,88.24,90.68,86.6,89.37,"72,06K","1,19%"
2023-10-18,87.81,89.88,87.2,88.32,"92,80K","1,92%"
2023-10-17,87.06,87.75,85.6,86.66,"197,12K","0,00%"
2023-10-16,87.72,88.33,86.32,86.66,"235,78K","-1,17%"
2023-10-13,83.51,87.83,83.35,87.69,"356,86K","5,77%"
2023-10-12,83.2,85.2,82.31,82.91,"373,49K","-0,69%"
2023-10-11,85.96,86.51,83.11,83.49,"425,40K","-2,88%"
2023-10-10,86.43,86.74,85.12,85.97,"337,65K","-0,47%"
2023-10-09,85.25,87.24,84.67,86.38,"435,04K","4,34%"
2023-10-06,82.28,83.28,81.5,82.79,"461,14K","0,58%"
2023-10-05,84.45,84.92,82.15,82.31,"466,00K","-2,27%"
2023-10-04,89.42,89.59,84.16,84.22,"460,00K","-5,61%"
2023-10-03,88.67,90.27,87.76,89.23,"350,66K","0,46%"
2023-10-02,90.82,91.88,88.46,88.82,"334,49K","-2,17%"
2023-09-29,91.76,93.1,90.35,90.79,"355,78K","-1,00%"
2023-09-28,93.78,95.03,91.39,91.71,"406,71K","-2,10%"
2023-09-27,90.53,94.17,90.4,93.68,"504,63K","3,64%"
2023-09-26,89.88,90.74,88.19,90.39,"318,02K","0,79%"
2023-09-25,90.55,90.83,89.03,89.68,"328,37K","-0,39%"
2023-09-22,89.62,91.33,89.31,90.03,"402,09K","0,45%"
2023-09-21,89.3,90.98,88.37,89.63,"351,03K","-0,72%"
2023-09-20,91.55,91.98,89.87,90.28,"35,99K","-1,01%"
2023-09-19,92.22,93.74,91.07,91.2,"94,60K","-0,31%"
2023-09-18,91.2,92.43,90.75,91.48,"119,26K","0,78%"
2023-09-15,90.67,91.23,89.22,90.77,"315,00K","0,68%"
2023-09-14,88.81,90.79,88.68,90.16,"325,27K","1,85%"
2023-09-13,88.75,89.64,88.29,88.52,"345,97K","-0,36%"
2023-09-12,87.27,89.37,87.22,88.84,"341,14K","1,78%"
2023-09-11,87.4,88.15,86.71,87.29,"292,39K","-0,25%"
2023-09-08,86.78,87.95,86.15,87.51,"294,44K","0,74%"
2023-09-07,87.54,87.74,86.39,86.87,"270,74K","-0,77%"
2023-09-06,86.72,88.08,85.93,87.54,"307,12K","0,98%"
2023-09-05,86.06,88.07,85.02,86.69,"452,91K","1,01%"
2023-09-04,85.85,86.14,85.28,85.82,,"-0,03%"
2023-09-03,86.06,86.06,85.73,85.85,,"0,35%"
2023-09-01,83.63,86.06,83.46,85.55,"420,46K","2,30%"
2023-08-31,81.7,83.69,81.48,83.63,"368,85K","2,45%"
2023-08-30,81.29,82.05,80.88,81.63,"299,42K","0,58%"
2023-08-29,79.98,81.41,79.34,81.16,"284,17K","1,32%"
2023-08-28,80.15,80.87,79.61,80.1,"246,58K","0,34%"
2023-08-25,78.88,80.45,78.14,79.83,"411,41K","0,99%"
2023-08-24,78.57,79.28,77.59,79.05,"349,23K","0,20%"
2023-08-23,79.64,79.91,77.62,78.89,"378,15K","-1,82%"
2023-08-22,80.8,80.99,80.1,80.35,"21,69K","-0,46%"
2023-08-21,81.43,82.47,80.61,80.72,"115,87K","-0,65%"
2023-08-18,80.04,81.61,79.59,81.25,"128,09K","1,07%"
2023-08-17,79.25,81.08,78.95,80.39,"235,58K","1,27%"
2023-08-16,81.23,81.43,79.05,79.38,"325,40K","-1,99%"
2023-08-15,82.52,82.91,80.4,80.99,"303,21K","-1,84%"
2023-08-14,83.09,83.2,81.76,82.51,"277,35K","-0,82%"
2023-08-11,82.83,83.81,82.23,83.19,"331,25K","0,45%"
2023-08-10,84.25,84.89,82.58,82.82,"362,19K","-1,87%"
2023-08-09,82.88,84.65,82.67,84.4,"478,14K","1,78%"
2023-08-08,82.53,83.08,79.9,82.92,"424,55K","1,20%"
2023-08-07,82.82,83.3,81.52,81.94,"293,04K","-1,06%"
2023-08-04,81.73,83.24,81.51,82.82,"320,87K","1,56%"
2023-08-03,79.77,81.86,78.69,81.55,"402,64K","2,59%"
2023-08-02,82.05,82.43,79.05,79.49,"414,83K","-2,31%"
2023-08-01,81.73,82.22,80.59,81.37,"307,86K","-0,53%"
2023-07-31,80.65,82.0,80.13,81.8,"297,27K","1,51%"
2023-07-28,79.84,80.71,79.07,80.58,"299,55K","0,61%"
2023-07-27,78.9,80.6,78.87,80.09,"374,36K","1,66%"
2023-07-26,79.34,79.77,78.55,78.78,"322,03K","-1,07%"
2023-07-25,78.85,79.9,78.29,79.63,"349,60K","1,13%"
2023-07-24,77.01,79.28,76.44,78.74,"368,29K","2,17%"
2023-07-21,75.7,77.29,75.69,77.07,"308,11K","1,90%"
2023-07-20,75.35,76.15,74.72,75.63,"23,71K","0,37%"
2023-07-19,75.84,76.97,75.07,75.35,"92,92K","-0,53%"
2023-07-18,74.18,75.96,73.88,75.75,"125,09K","2,16%"
2023-07-17,75.02,76.09,73.84,74.15,"244,79K","-1,68%"
2023-07-14,77.16,77.3,75.11,75.42,"299,58K","-1,91%"
2023-07-13,75.85,77.33,75.32,76.89,"379,73K","1,50%"
2023-07-12,74.83,76.15,74.67,75.75,"352,89K","1,23%"
2023-07-11,73.19,74.96,72.98,74.83,"326,88K","2,52%"
2023-07-10,73.86,74.15,72.67,72.99,"301,01K","-1,18%"
2023-07-07,71.89,73.92,71.19,73.86,"362,63K","2,87%"
2023-07-06,71.8,72.34,70.22,71.8,"395,38K","0,01%"
2023-07-05,70.15,72.17,69.9,71.79,"456,81K","1,03%"
2023-07-04,70.08,71.34,69.91,71.06,,"1,82%"
2023-07-03,70.45,71.77,69.69,69.79,"303,48K","-1,20%"
2023-06-30,69.82,71.04,69.53,70.64,"299,87K","1,12%"
2023-06-29,69.25,70.6,68.93,69.86,"292,87K","0,43%"
2023-06-28,68.01,69.73,67.05,69.56,"368,30K","2,75%"
2023-06-27,69.49,70.15,67.5,67.7,"384,75K","-2,41%"
2023-06-26,69.84,70.11,68.71,69.37,"280,12K","0,30%"
2023-06-23,69.53,69.65,67.35,69.16,"322,48K","-0,50%"
2023-06-22,72.43,72.65,68.93,69.51,"421,35K","-4,16%"
2023-06-21,70.9,72.72,70.8,72.53,"264,66K","2,88%"
2023-06-20,71.45,72.09,69.65,70.5,"28,74K","-1,14%"
2023-06-19,71.47,72.25,70.83,71.31,,"-0,22%"
2023-06-18,71.59,71.67,71.42,71.47,,"-0,43%"
2023-06-16,70.55,71.89,69.95,71.78,"99,19K","1,64%"
2023-06-15,68.7,70.96,67.97,70.62,"115,61K","3,44%"
2023-06-14,69.35,70.49,68.07,68.27,"304,45K","-1,66%"
2023-06-13,67.31,69.83,67.15,69.42,"366,35K","3,43%"
2023-06-12,70.27,70.33,66.8,67.12,"404,77K","-4,35%"
2023-06-09,70.94,71.77,70.1,70.17,"300,72K","-1,57%"
2023-06-08,72.47,73.28,69.03,71.29,"485,40K","-1,71%"
2023-06-07,71.56,73.19,71.01,72.53,"299,13K","1,10%"
2023-06-06,71.99,72.33,70.13,71.74,"314,96K","-0,57%"
2023-06-05,75.03,75.06,71.73,72.15,"383,94K","0,57%"
2023-06-02,70.21,72.17,70.0,71.74,"322,60K","2,34%"
2023-06-01,67.6,71.07,67.51,70.1,"395,39K","2,95%"
2023-05-31,69.62,69.69,67.03,68.09,"444,79K","-1,97%"
2023-05-30,73.23,73.55,69.02,69.46,"440,86K","-4,68%"
2023-05-29,73.22,73.55,72.05,72.87,,"-0,48%"
2023-05-28,73.11,73.45,73.06,73.22,,"0,76%"
2023-05-26,71.89,73.05,71.49,72.67,"261,50K","1,17%"
2023-05-25,74.21,74.37,70.98,71.83,"422,64K","-3,38%"
2023-05-24,73.77,74.73,73.13,74.34,"386,61K","1,96%"
2023-05-23,72.1,73.79,71.71,72.91,"317,59K","1,28%"
2023-05-22,71.7,72.36,70.55,71.99,"18,68K","0,61%"
2023-05-19,71.94,73.4,71.03,71.55,"69,95K","-0,43%"
2023-05-18,72.75,72.87,71.42,71.86,"80,86K","-1,33%"
2023-05-17,70.6,73.26,70.04,72.83,"273,71K","2,78%"
2023-05-16,71.32,71.79,70.45,70.86,"232,33K","-0,35%"
2023-05-15,70.04,71.69,69.41,71.11,"259,01K","1,53%"
2023-05-12,71.42,71.78,69.93,70.04,"275,44K","-1,17%"
2023-05-11,72.77,73.5,70.63,70.87,"365,89K","-2,33%"
2023-05-10,73.58,73.89,71.8,72.56,"351,51K","-1,56%"
2023-05-09,72.84,73.78,71.34,73.71,"317,49K","0,75%"
2023-05-08,71.35,73.69,71.04,73.16,"290,08K","2,55%"
2023-05-05,68.7,71.81,68.48,71.34,"330,59K","4,05%"
2023-05-04,68.16,69.84,63.64,68.56,"412,50K","-0,06%"
2023-05-03,71.56,71.79,67.95,68.6,"490,52K","-4,27%"
2023-05-02,75.76,76.11,71.42,71.66,"417,82K","-5,29%"
2023-05-01,76.66,76.69,74.53,75.66,"215,02K","-1,46%"
2023-04-28,74.91,76.92,73.93,76.78,"328,40K","2,70%"
2023-04-27,74.38,75.28,74.03,74.76,"345,88K","0,62%"
2023-04-26,77.08,77.93,74.05,74.3,"497,78K","-3,59%"
2023-04-25,78.74,79.07,76.5,77.07,"361,65K","-2,15%"
2023-04-24,77.97,79.18,76.72,78.76,"306,72K","1,14%"
2023-04-21,77.13,78.39,76.72,77.87,"291,11K","0,75%"
2023-04-20,78.87,78.89,76.97,77.29,"24,99K","-2,36%"
2023-04-19,80.92,81.18,78.46,79.16,"78,31K","-2,10%"
2023-04-18,81.0,81.48,79.87,80.86,"96,29K","0,04%"
2023-04-17,82.48,82.71,80.47,80.83,"217,05K","-2,05%"
2023-04-14,82.4,83.12,81.76,82.52,"275,13K","0,44%"
2023-04-13,83.22,83.44,82.11,82.16,"261,23K","-1,32%"
2023-04-12,81.44,83.53,81.28,83.26,"356,13K","2,12%"
2023-04-11,79.88,81.59,79.37,81.53,"309,68K","2,24%"
2023-04-10,80.5,81.22,79.61,79.74,"264,91K","-1,19%"
2023-04-06,80.37,80.96,79.65,80.7,"259,52K","0,11%"
2023-04-05,81.01,81.24,79.72,80.61,"254,97K","-0,12%"
2023-04-04,80.44,81.81,79.61,80.71,"343,57K","0,36%"
2023-04-03,80.1,81.69,79.0,80.42,"547,13K","6,28%"
2023-03-31,74.37,75.72,73.77,75.67,"304,36K","1,75%"
2023-03-30,72.98,74.63,72.61,74.37,"269,74K","1,92%"
2023-03-29,73.61,74.37,72.76,72.97,"312,67K","-0,31%"
2023-03-28,72.86,73.93,72.19,73.2,"328,47K","0,54%"
2023-03-27,69.42,73.1,69.13,72.81,"353,60K","5,13%"
2023-03-24,69.51,70.38,66.82,69.26,"380,85K","-1,00%"
2023-03-23,69.95,71.67,69.14,69.96,"335,24K","-1,33%"
2023-03-22,69.48,71.31,68.89,70.9,"337,64K","2,26%"
2023-03-21,67.62,69.6,66.77,69.33,"26,35K","2,50%"
2023-03-20,66.62,67.7,64.12,67.64,"76,87K","1,35%"
2023-03-17,68.26,69.64,65.17,66.74,"152,26K","-2,36%"
2023-03-16,68.22,69.38,65.71,68.35,"327,12K","1,09%"
2023-03-15,71.56,72.56,65.65,67.61,"555,16K","-5,22%"
2023-03-14,74.7,74.9,70.78,71.33,"432,86K","-4,64%"
2023-03-13,76.6,77.47,72.3,74.8,"457,42K","-2,45%"
2023-03-10,75.65,77.11,74.77,76.68,"371,83K","1,27%"
2023-03-09,76.5,78.06,75.43,75.72,"349,96K","-1,23%"
2023-03-08,77.32,77.73,76.11,76.66,"335,93K","-1,19%"
2023-03-07,80.5,80.94,77.06,77.58,"398,24K","-3,58%"
2023-03-06,79.92,80.63,78.32,80.46,"292,35K","0,98%"
2023-03-03,77.89,79.9,75.83,79.68,"374,20K","1,94%"
2023-03-02,77.74,78.59,77.23,78.16,"260,33K","0,60%"
2023-03-01,76.85,77.85,76.12,77.69,"342,12K","0,83%"
2023-02-28,75.76,77.83,75.55,77.05,"300,09K","1,81%"
2023-02-27,76.42,76.82,74.99,75.68,"266,09K","-0,84%"
2023-02-24,75.6,76.63,74.09,76.32,"313,04K","1,23%"
2023-02-23,73.92,75.99,73.83,75.39,"333,84K","1,95%"
2023-02-22,76.11,76.55,73.8,73.95,"332,02K","-2,90%"
2023-02-21,76.53,77.51,75.69,76.16,"35,48K","-1,47%"
2023-02-20,76.69,77.74,76.33,77.3,,"0,82%"
2023-02-19,76.69,76.82,76.53,76.67,,"0,43%"
2023-02-17,78.07,78.25,75.06,76.34,"93,27K","-2,74%"
2023-02-16,78.54,79.54,77.92,78.49,"117,60K","-0,13%"
2023-02-15,78.83,79.15,77.25,78.59,"264,49K","-0,59%"
2023-02-14,79.06,79.61,77.46,79.06,"299,94K","-1,35%"
2023-02-13,79.94,80.62,78.45,80.14,"301,30K","0,53%"
2023-02-10,77.68,80.33,77.47,79.72,"356,06K","2,13%"
2023-02-09,78.45,78.84,76.52,78.06,"324,16K","-0,52%"
2023-02-08,77.49,78.57,77.08,78.47,"353,47K","1,72%"
2023-02-07,74.57,77.6,74.35,77.14,"408,28K","4,09%"
2023-02-06,73.23,74.51,72.25,74.11,"380,03K","0,98%"
2023-02-03,75.92,78.0,73.1,73.39,"413,41K","-3,28%"
2023-02-02,76.79,77.24,74.97,75.88,"339,76K","-0,69%"
2023-02-01,79.06,79.73,76.05,76.41,"360,86K","-3,12%"
2023-01-31,77.91,79.25,76.55,78.87,"312,73K","1,25%"
2023-01-30,80.04,80.49,77.66,77.9,"327,43K","-2,23%"
2023-01-27,81.22,82.48,79.04,79.68,"367,59K","-1,64%"
2023-01-26,80.48,82.14,79.92,81.01,"291,06K","1,07%"
2023-01-25,80.26,81.23,79.45,80.15,"297,23K","0,02%"
2023-01-24,81.62,82.22,79.66,80.13,"288,21K","-1,83%"
2023-01-23,81.79,82.64,81.05,81.62,"297,08K","-0,02%"
2023-01-20,80.84,81.91,79.91,81.64,"300,15K","1,28%"
2023-01-19,79.43,81.49,78.45,80.61,"321,13K","1,02%"
2023-01-18,81.34,82.66,79.21,79.8,"326,23K","-0,81%"
2023-01-17,80.34,81.51,78.8,80.45,"267,91K","1,78%"
2023-01-16,79.78,79.92,78.8,79.04,,"-0,93%"
2023-01-15,80.17,80.19,79.78,79.78,,"-0,41%"
2023-01-13,78.58,80.37,78.23,80.11,"189,32K","1,86%"
2023-01-12,77.9,79.37,77.35,78.65,"188,06K","1,25%"
2023-01-11,75.06,78.06,74.56,77.68,"179,83K","3,06%"
2023-01-10,75.16,76.16,74.16,75.37,"164,98K","0,60%"
2023-01-09,73.87,76.97,73.79,74.92,"154,20K","1,19%"
2023-01-06,74.18,75.71,73.52,74.04,"95,22K","0,16%"
2023-01-05,73.51,75.15,72.74,73.92,"112,45K","1,12%"
2023-01-04,77.41,77.62,73.01,73.1,"149,77K","-5,21%"
2023-01-03,80.66,81.62,76.81,77.12,"139,84K","-4,16%"
2023-01-02,80.57,80.61,80.18,80.47,,"0,00%"
2022-12-30,78.59,80.57,77.72,80.47,,"2,37%"
2022-12-29,78.61,78.83,76.81,78.61,,"0,01%"
2022-12-28,79.75,79.88,77.33,78.6,,"-1,47%"
2022-12-27,80.97,81.17,79.17,79.77,,"-1,48%"
2022-12-26,79.92,81.06,79.92,80.97,,"2,05%"
2022-12-23,78.44,80.31,78.0,79.34,,"1,13%"
2022-12-22,78.47,79.88,77.03,78.45,,"0,27%"
2022-12-21,76.0,78.56,75.81,78.24,,"2,64%"
2022-12-20,75.77,76.96,74.46,76.23,,"0,45%"
2022-12-19,75.54,76.59,74.04,75.89,,"1,93%"
2022-12-16,76.24,76.57,73.33,74.45,,"-2,36%"
2022-12-15,77.26,77.76,75.38,76.25,,"-1,32%"
2022-12-14,75.19,77.74,74.91,77.27,,"2,77%"
2022-12-13,73.42,76.36,73.22,75.19,,"2,38%"
2022-12-12,71.89,73.98,70.25,73.44,,"2,14%"
2022-12-11,71.78,72.31,71.65,71.9,,"0,56%"
2022-12-09,72.07,72.92,70.11,71.5,,"-0,78%"
2022-12-08,72.57,75.39,71.14,72.06,,"-0,72%"
2022-12-07,74.47,75.36,71.75,72.58,,"-2,54%"
2022-12-06,77.41,77.88,73.43,74.47,,"-3,79%"
2022-12-05,81.13,82.71,76.78,77.4,,"-4,62%"
2022-12-04,80.06,81.29,79.89,81.15,,"1,06%"
2022-12-02,81.32,82.19,79.68,80.3,,"-1,27%"
2022-12-01,80.56,83.33,79.94,81.33,,"0,96%"
2022-11-30,78.75,81.34,78.41,80.56,,"3,02%"
2022-11-29,76.54,79.65,76.29,78.2,"381,87K","1,24%"
2022-11-28,75.93,77.84,73.6,77.24,"405,03K","1,26%"
2022-11-25,77.51,79.9,76.22,76.28,"266,45K","-2,14%"
2022-11-24,77.53,78.19,76.92,77.95,,"0,01%"
2022-11-23,81.08,81.95,76.83,77.94,"379,15K","-3,72%"
2022-11-22,80.22,82.36,79.85,80.95,"269,62K","1,53%"
2022-11-21,80.3,80.3,75.08,79.73,"21,98K","-0,44%"
2022-11-18,82.09,82.64,77.24,80.08,"96,58K","-1,91%"
2022-11-17,85.22,85.45,81.4,81.64,"138,48K","-4,62%"
2022-11-16,86.89,87.51,84.2,85.59,"225,67K","-1,53%"
2022-11-15,85.25,88.68,84.06,86.92,"331,71K","1,22%"
2022-11-14,89.02,89.84,85.15,85.87,"315,45K","-3,47%"
2022-11-11,86.27,90.1,86.18,88.96,"301,66K","2,88%"
2022-11-10,85.85,87.35,84.7,86.47,"340,01K","0,75%"
2022-11-09,88.57,89.24,85.5,85.83,"388,30K","-3,46%"
2022-11-08,91.87,92.17,88.52,88.91,"344,22K","-3,14%"
2022-11-07,91.0,93.74,90.4,91.79,"322,42K","-0,89%"
2022-11-04,87.9,92.87,87.82,92.61,"354,06K","5,04%"
2022-11-03,89.35,89.67,87.6,88.17,"239,82K","-2,03%"
2022-11-02,88.62,90.36,87.72,90.0,"280,96K","1,84%"
2022-11-01,86.43,89.45,85.92,88.37,"274,32K","2,13%"
2022-10-31,88.39,88.65,85.3,86.53,"285,34K","-1,56%"
2022-10-28,88.67,88.76,87.08,87.9,"263,40K","-1,32%"
2022-10-27,88.26,89.79,87.33,89.08,"292,56K","1,33%"
2022-10-26,85.07,88.41,84.14,87.91,"287,18K","3,04%"
2022-10-25,84.88,86.03,83.06,85.32,"240,44K","0,87%"
2022-10-24,85.24,85.92,82.63,84.58,"250,73K","-0,55%"
2022-10-21,85.07,85.9,83.15,85.05,"272,80K","-1,08%"
2022-10-20,85.94,88.17,85.22,85.98,"18,18K","0,50%"
2022-10-19,83.69,86.2,82.59,85.55,"71,31K","3,30%"
2022-10-18,85.7,86.51,82.09,82.82,"97,30K","-3,09%"
2022-10-17,85.59,87.12,84.61,85.46,"172,02K","-0,18%"
2022-10-14,89.27,89.73,85.2,85.61,"237,03K","-3,93%"
2022-10-13,87.08,89.66,85.56,89.11,"298,03K","2,11%"
2022-10-12,88.67,90.07,86.28,87.27,"332,27K","-2,33%"
2022-10-11,91.14,91.35,87.91,89.35,"333,16K","-1,95%"
2022-10-10,93.48,93.64,90.54,91.13,"289,51K","-1,63%"
2022-10-07,88.93,93.31,88.0,92.64,"429,16K","4,74%"
2022-10-06,88.08,89.07,87.04,88.45,"235,30K","0,79%"
2022-10-05,86.37,88.42,85.42,87.76,"329,79K","1,43%"
2022-10-04,83.22,86.98,83.22,86.52,"302,55K","3,46%"
2022-10-03,81.02,84.56,80.87,83.63,"287,17K","5,21%"
2022-09-30,81.74,82.56,79.14,79.49,"253,15K","-2,14%"
2022-09-29,81.9,82.94,80.34,81.23,"286,13K","-1,12%"
2022-09-28,78.08,82.34,76.55,82.15,"324,68K","4,65%"
2022-09-27,76.47,79.51,76.42,78.5,"283,61K","2,33%"
2022-09-26,79.23,80.31,76.25,76.71,"280,93K","-2,58%"
2022-09-23,83.54,83.92,78.04,78.74,"334,27K","-5,69%"
2022-09-22,83.07,86.0,82.4,83.49,"303,49K","0,66%"
2022-09-21,84.25,86.68,82.49,82.94,"339,68K","-1,79%"
2022-09-20,85.61,86.45,83.52,84.45,"26,23K","-1,49%"
2022-09-19,85.21,86.22,82.1,85.73,"59,63K","0,73%"
2022-09-16,85.16,86.59,84.27,85.11,"87,83K","0,01%"
2022-09-15,88.91,89.15,84.53,85.1,"235,36K","-3,82%"
2022-09-14,87.94,90.19,86.18,88.48,"335,38K","1,34%"
2022-09-13,88.09,89.31,85.06,87.31,"348,00K","-0,54%"
2022-09-12,86.25,89.1,85.16,87.78,"275,10K","1,14%"
2022-09-09,82.8,87.2,82.71,86.79,"305,19K","3,89%"
2022-09-08,81.91,84.25,81.2,83.54,"342,76K","1,95%"
2022-09-07,86.93,87.76,81.5,81.94,"380,78K","-5,69%"
2022-09-06,86.84,90.39,86.18,86.88,"420,26K","-2,34%"
2022-09-05,88.27,90.37,87.98,88.96,,"0,80%"
2022-09-04,86.91,88.28,86.91,88.25,,"1,59%"
2022-09-02,86.56,89.66,86.35,86.87,"277,53K","0,30%"
2022-09-01,88.83,89.63,85.98,86.61,"305,11K","-3,28%"
2022-08-31,92.31,92.73,88.27,89.55,"344,15K","-2,28%"
2022-08-30,96.9,97.66,90.54,91.64,"386,27K","-5,54%"
2022-08-29,92.96,97.37,92.29,97.01,"283,46K","4,24%"
2022-08-26,93.06,94.02,91.08,93.06,"288,39K","0,58%"
2022-08-25,95.35,95.76,92.29,92.52,"279,88K","-2,50%"
2022-08-24,93.78,95.4,92.79,94.89,"320,39K","1,23%"
2022-08-23,90.55,94.22,90.42,93.74,"285,61K","3,89%"
2022-08-22,89.65,91.26,86.6,90.23,"24,87K","-0,59%"
2022-08-19,90.39,92.09,88.38,90.77,"58,71K","0,30%"
2022-08-18,87.39,91.46,87.32,90.5,"80,03K","2,71%"
2022-08-17,87.1,89.16,85.88,88.11,"230,35K","1,83%"
2022-08-16,87.93,90.65,85.73,86.53,"305,37K","-3,22%"
2022-08-15,91.94,92.1,86.82,89.41,"275,44K","-2,91%"
2022-08-12,94.09,94.81,91.16,92.09,"264,95K","-2,38%"
2022-08-11,91.55,95.05,91.24,94.34,"341,23K","2,62%"
2022-08-10,90.51,92.43,87.66,91.93,"383,77K","1,58%"
2022-08-09,90.69,92.65,89.05,90.5,"347,05K","-0,29%"
2022-08-08,88.46,90.89,87.22,90.76,"340,16K","1,97%"
2022-08-05,88.06,90.76,87.01,89.01,"350,02K","0,53%"
2022-08-04,90.95,91.9,87.55,88.54,"334,93K","-2,34%"
2022-08-03,93.83,96.57,90.38,90.66,"395,10K","-3,98%"
2022-08-02,93.75,96.47,92.59,94.42,"328,54K","0,56%"
2022-08-01,98.46,98.65,92.42,93.89,"365,29K","-4,80%"
2022-07-29,97.3,101.88,96.41,98.62,"349,37K","2,28%"
2022-07-28,98.17,99.84,96.04,96.42,"318,40K","-0,86%"
2022-07-27,95.6,98.59,94.3,97.26,"321,90K","2,40%"
2022-07-26,96.33,99.0,94.76,94.98,"310,04K","-1,78%"
2022-07-25,95.1,96.94,93.01,96.7,"279,00K","2,11%"
2022-07-22,96.51,97.95,94.23,94.7,"307,57K","-1,71%"
2022-07-21,99.91,99.99,94.59,96.35,"318,91K","-5,78%"
2022-07-20,103.6,104.39,101.51,102.26,"28,96K","-1,88%"
2022-07-19,102.0,104.46,99.85,104.22,"63,15K","1,58%"
2022-07-18,97.27,102.8,95.85,102.6,"84,67K","5,13%"
2022-07-15,96.39,99.03,94.57,97.59,"240,77K","1,89%"
2022-07-14,96.57,97.0,90.56,95.78,"387,53K","-0,54%"
2022-07-13,95.89,97.96,93.67,96.3,"347,19K","0,48%"
2022-07-12,103.46,103.49,95.35,95.84,"398,55K","-7,93%"
2022-07-11,104.79,105.05,100.89,104.09,"348,57K","-0,67%"
2022-07-08,102.22,105.24,101.51,104.79,"327,46K","2,01%"
2022-07-07,98.22,104.48,96.57,102.73,"379,86K","4,26%"
2022-07-06,100.36,102.14,95.1,98.53,"444,11K","-0,97%"
2022-07-05,108.8,111.45,97.43,99.5,"594,22K","-9,87%"
2022-07-04,108.17,110.77,107.25,110.4,,"2,04%"
2022-07-03,108.67,108.81,108.14,108.19,,"-0,22%"
2022-07-01,106.01,109.34,104.56,108.43,"305,34K","2,52%"
2022-06-30,109.7,110.45,105.1,105.76,"362,89K","-3,66%"
2022-06-29,111.86,114.05,109.22,109.78,"322,06K","-1,77%"
2022-06-28,110.18,112.22,109.62,111.76,"306,75K","2,00%"
2022-06-27,107.22,110.54,105.6,109.57,"282,91K","1,81%"
2022-06-24,103.99,108.58,103.64,107.62,"321,59K","3,21%"
2022-06-23,104.42,107.05,102.32,104.27,"346,36K","-1,81%"
2022-06-22,109.54,109.76,101.53,106.19,"432,72K","-4,03%"
2022-06-21,110.58,112.47,108.72,110.65,"28,46K","1,66%"
2022-06-20,108.97,109.17,106.84,108.84,,"-0,09%"
2022-06-19,108.97,109.34,108.78,108.94,,"-0,57%"
2022-06-17,117.08,118.97,108.25,109.56,"103,15K","-6,83%"
2022-06-16,115.98,118.08,112.31,117.59,"162,54K","1,98%"
2022-06-15,119.07,119.61,114.6,115.31,"301,75K","-3,04%"
2022-06-14,121.09,123.68,116.62,118.93,"366,32K","-1,65%"
2022-06-13,120.19,122.25,117.47,120.93,"372,40K","0,22%"
2022-06-10,121.46,122.75,118.33,120.67,"352,91K","-0,69%"
2022-06-09,122.43,122.72,120.79,121.51,"293,30K","-0,49%"
2022-06-08,119.79,123.18,119.3,122.11,"340,59K","2,26%"
2022-06-07,119.1,120.36,117.14,119.41,"341,69K","0,77%"
2022-06-06,120.82,120.99,117.63,118.5,"246,83K","-0,31%"
2022-06-03,117.55,120.46,115.23,118.87,"240,83K","1,71%"
2022-06-02,114.8,117.77,111.2,116.87,"327,60K","1,40%"
2022-06-01,115.4,117.87,114.58,115.26,"290,53K","0,51%"
2022-05-31,114.96,119.98,114.15,114.67,"440,80K","-2,50%"
2022-05-30,115.58,117.79,115.39,117.61,,"1,73%"
2022-05-29,115.3,115.81,115.2,115.61,,"0,47%"
2022-05-27,114.2,115.3,112.85,115.07,"217,28K","0,86%"
2022-05-26,110.69,114.83,110.27,114.09,"234,75K","3,41%"
2022-05-25,110.39,111.68,109.23,110.33,"191,37K","0,51%"
2022-05-24,110.41,111.43,108.61,109.77,"224,79K","-0,47%"
2022-05-23,110.56,111.96,109.15,110.29,"215,62K","-2,60%"
2022-05-20,111.45,114.04,110.85,113.23,"20,00K","0,91%"
2022-05-19,109.09,112.62,105.13,112.21,"68,51K","2,39%"
2022-05-18,113.66,115.42,108.46,109.59,"103,67K","-2,50%"
2022-05-17,113.87,115.56,111.75,112.4,"252,63K","-1,58%"
2022-05-16,110.98,114.9,108.11,114.2,"289,13K","3,36%"
2022-05-13,106.65,110.64,106.29,110.49,"240,99K","4,11%"
2022-05-12,105.63,107.37,102.66,106.13,"323,55K","0,40%"
2022-05-11,99.0,106.44,98.2,105.71,"382,70K","5,96%"
2022-05-10,102.65,104.16,98.86,99.76,"389,75K","-3,23%"
2022-05-09,110.43,110.49,102.13,103.09,"368,18K","-6,09%"
2022-05-06,108.7,111.18,107.24,109.77,"294,28K","1,39%"
2022-05-05,107.58,111.37,106.45,108.26,"286,92K","0,42%"
2022-05-04,103.5,108.61,102.95,107.81,"272,91K","5,27%"
2022-05-03,105.08,105.8,102.1,102.41,"239,27K","-2,62%"
2022-05-02,104.0,105.94,100.28,105.17,"261,88K","0,46%"
2022-04-29,105.17,107.99,103.78,104.69,"294,39K","-0,64%"
2022-04-28,102.11,105.68,100.13,105.36,"312,06K","3,27%"
2022-04-27,101.76,102.99,99.8,102.02,"278,78K","0,31%"
2022-04-26,98.64,102.78,97.06,101.7,"351,85K","3,21%"
2022-04-25,101.38,101.55,95.28,98.54,"328,15K","-3,46%"
2022-04-22,104.07,104.22,101.06,102.07,"246,12K","-1,66%"
2022-04-21,102.5,105.42,102.01,103.79,"280,32K","1,01%"
2022-04-20,103.05,104.16,100.7,102.75,"17,02K","0,19%"
2022-04-19,107.75,108.92,102.1,102.56,"71,79K","-5,22%"
2022-04-18,107.03,109.81,106.0,108.21,"68,49K","1,18%"
2022-04-14,104.2,107.64,102.12,106.95,"244,95K","2,59%"
2022-04-13,100.91,104.47,99.87,104.25,"312,50K","3,63%"
2022-04-12,95.17,101.35,94.84,100.6,"329,04K","6,69%"
2022-04-11,98.4,98.52,92.93,94.29,"315,87K","-4,04%"
2022-04-08,97.17,98.76,95.29,98.26,"310,08K","2,32%"
2022-04-07,97.16,98.82,93.81,96.03,"367,32K","-0,21%"
2022-04-06,101.24,104.02,95.73,96.23,"366,04K","-5,62%"
2022-04-05,103.66,105.59,99.88,101.96,"280,28K","-1,28%"
2022-04-04,98.95,103.94,98.05,103.28,"288,13K","4,04%"
2022-04-01,101.23,101.75,97.78,99.27,"324,78K","-1,01%"
2022-03-31,107.45,107.8,99.66,100.28,"450,85K","-6,99%"
2022-03-30,105.24,108.75,104.55,107.82,"284,54K","3,43%"
2022-03-29,103.47,107.84,98.44,104.24,"387,20K","-1,62%"
2022-03-28,112.92,112.93,102.83,105.96,"372,25K","-6,97%"
2022-03-25,111.75,114.12,108.68,113.9,"320,30K","1,39%"
2022-03-24,114.47,116.64,110.61,112.34,"307,24K","-2,25%"
2022-03-23,108.85,115.4,108.38,114.93,"289,18K","2,84%"
2022-03-22,112.9,115.01,109.3,111.76,"22,94K","-0,32%"
2022-03-21,105.13,112.69,104.08,112.12,"77,22K","7,09%"
2022-03-18,103.62,106.28,102.3,104.7,"74,25K","1,67%"
2022-03-17,95.34,104.24,94.85,102.98,"210,76K","8,35%"
2022-03-16,95.23,99.22,94.07,95.04,"293,95K","-1,45%"
2022-03-15,102.28,102.58,93.53,96.44,"401,69K","-6,38%"
2022-03-14,109.42,109.72,99.76,103.01,"344,18K","-5,78%"
2022-03-11,105.99,110.29,104.48,109.33,"368,19K","3,12%"
2022-03-10,110.41,114.88,105.53,106.02,"437,92K","-2,47%"
2022-03-09,124.66,126.84,103.63,108.7,"594,77K","-12,13%"
2022-03-08,120.67,129.44,117.07,123.7,"583,11K","3,60%"
2022-03-07,121.33,130.5,115.54,119.4,"576,02K","3,22%"
2022-03-04,107.96,116.02,107.25,115.68,"493,88K","7,44%"
2022-03-03,111.33,116.57,106.43,107.67,"592,03K","-2,65%"
2022-03-02,107.12,112.51,105.18,110.6,"651,85K","6,95%"
2022-03-01,96.09,106.78,95.32,103.41,"698,81K","8,03%"
2022-02-28,94.99,99.1,94.43,95.72,"490,80K","4,51%"
2022-02-25,93.32,95.64,90.06,91.59,"523,79K","-1,31%"
2022-02-24,92.52,100.54,91.45,92.81,"872,24K","0,77%"
2022-02-23,91.74,93.9,90.64,92.1,"440,57K","-0,27%"
2022-02-22,91.75,96.0,90.35,92.35,"40,75K","-0,32%"
2022-02-21,91.62,93.91,89.08,92.65,,"1,12%"
2022-02-20,91.22,91.74,91.08,91.62,,"0,60%"
2022-02-18,91.63,92.66,89.03,91.07,"150,38K","-0,75%"
2022-02-17,90.9,93.36,90.62,91.76,"212,55K","-2,03%"
2022-02-16,92.21,95.01,90.0,93.66,"401,45K","1,73%"
2022-02-15,94.83,95.17,90.66,92.07,"442,64K","-3,55%"
2022-02-14,93.91,95.82,92.09,95.46,"467,07K","2,53%"
2022-02-11,90.0,94.66,89.19,93.1,"554,42K","3,58%"
2022-02-10,90.01,91.74,89.03,89.88,"492,09K","0,25%"
2022-02-09,89.86,90.58,88.41,89.66,"445,62K","0,34%"
2022-02-08,91.64,91.68,88.51,89.36,"467,39K","-2,15%"
2022-02-07,91.82,92.73,90.73,91.32,"497,75K","-1,07%"
2022-02-04,90.19,93.17,90.07,92.31,"410,93K","2,26%"
2022-02-03,87.98,90.45,86.75,90.27,"465,77K","2,28%"
2022-02-02,88.35,89.72,87.1,88.26,"456,86K","0,07%"
2022-02-01,88.15,88.87,86.55,88.2,"376,84K","0,06%"
2022-01-31,87.45,88.39,86.34,88.15,"359,08K","1,53%"
2022-01-28,87.5,88.84,86.44,86.82,"436,17K","0,24%"
2022-01-27,87.15,88.54,86.2,86.61,"427,80K","-0,85%"
2022-01-26,85.26,87.95,85.01,87.35,"459,64K","2,04%"
2022-01-25,84.15,85.71,82.99,85.6,"507,22K","2,75%"
2022-01-24,84.91,86.09,81.9,83.31,"511,70K","-2,15%"
2022-01-21,84.57,85.56,82.78,85.14,"509,10K","-2,03%"
2022-01-20,86.23,87.82,86.0,86.9,"30,39K","-0,07%"
2022-01-19,86.61,87.91,85.77,86.96,"113,15K","1,79%"
2022-01-18,84.32,86.63,83.5,85.43,"163,64K","2,08%"
2022-01-17,83.84,83.95,82.94,83.69,,"-0,17%"
2022-01-16,83.78,84.09,83.68,83.83,,"0,01%"
2022-01-14,81.73,84.45,81.58,83.82,"364,44K","2,07%"
2022-01-13,82.82,82.94,81.39,82.12,"364,77K","-0,63%"
2022-01-12,81.38,83.1,81.17,82.64,"420,62K","1,75%"
2022-01-11,78.42,81.59,78.36,81.22,"481,82K","3,82%"
2022-01-10,78.88,79.45,77.83,78.23,"389,96K","-0,85%"
2022-01-07,79.62,80.47,78.52,78.9,"414,43K","-0,70%"
2022-01-06,77.24,80.24,76.73,79.46,"476,67K","2,07%"
2022-01-05,77.18,78.58,76.51,77.85,"397,90K","1,12%"
2022-01-04,76.02,77.64,75.7,76.99,"372,85K","1,20%"
2022-01-03,75.69,76.46,74.27,76.08,"317,63K","1,16%"
2021-12-31,76.66,77.08,74.95,75.21,"237,12K","-2,31%"
2021-12-30,76.58,77.44,75.78,76.99,"231,16K","0,56%"
2021-12-29,76.04,77.37,75.36,76.56,"283,56K","0,76%"
2021-12-28,75.97,76.92,75.53,75.98,"249,73K","0,54%"
2021-12-27,73.38,76.09,72.57,75.57,"268,49K","2,41%"
2021-12-23,73.03,73.95,72.27,73.79,"270,22K","1,42%"
2021-12-22,71.27,73.16,70.8,72.76,"306,71K","2,31%"
2021-12-21,69.21,71.55,68.56,71.12,"358,78K","4,24%"
2021-12-20,70.07,70.07,66.04,68.23,"36,73K","-3,71%"
2021-12-17,71.92,72.26,69.89,70.86,"78,13K","-2,10%"
2021-12-16,71.48,72.99,71.03,72.38,"142,54K","2,13%"
2021-12-15,70.35,71.66,69.39,70.87,"294,34K","0,20%"
2021-12-14,71.12,72.03,69.51,70.73,"359,45K","-0,79%"
2021-12-13,72.04,73.0,70.71,71.29,"406,60K","-0,53%"
2021-12-10,70.68,72.33,70.32,71.67,"397,88K","1,03%"
2021-12-09,72.52,73.34,70.39,70.94,"393,21K","-1,96%"
2021-12-08,71.86,73.0,70.91,72.36,"464,85K","0,43%"
2021-12-07,69.72,73.03,69.52,72.05,"496,53K","3,68%"
2021-12-06,67.02,70.15,66.72,69.49,"401,06K","4,87%"
2021-12-03,67.5,69.22,65.6,66.26,"449,97K","-0,36%"
2021-12-02,65.63,67.49,62.43,66.5,"668,29K","1,42%"
2021-12-01,67.01,69.49,64.84,65.57,"602,45K","-0,92%"
2021-11-30,70.04,71.22,64.43,66.18,"722,48K","-5,39%"
2021-11-29,69.23,72.93,68.86,69.95,"675,09K","2,64%"
2021-11-26,78.34,78.65,67.4,68.15,"844,63K","-11,96%"
2021-11-25,78.38,78.65,77.28,77.41,,"-1,25%"
2021-11-24,78.48,79.23,77.98,78.39,"328,85K","-0,14%"
2021-11-23,76.46,78.86,75.3,78.5,"506,99K","2,28%"
2021-11-22,75.75,77.16,74.76,76.75,"465,77K","0,85%"
2021-11-19,78.76,79.92,75.37,76.1,"30,70K","-3,68%"
2021-11-18,78.34,79.36,77.08,79.01,"83,98K","0,83%"
2021-11-17,80.54,80.69,77.69,78.36,"174,47K","-2,97%"
2021-11-16,80.93,81.81,80.03,80.76,"325,67K","-0,15%"
2021-11-15,80.66,81.2,79.3,80.88,"343,48K","0,11%"
2021-11-12,81.21,81.62,79.78,80.79,"390,30K","-0,98%"
2021-11-11,81.41,82.33,80.2,81.59,"475,44K","0,31%"
2021-11-10,84.53,84.97,80.81,81.34,"555,22K","-3,34%"
2021-11-09,82.16,84.63,81.78,84.15,"504,83K","2,71%"
2021-11-08,81.13,82.67,81.05,81.93,"393,95K","0,81%"
2021-11-05,79.37,81.8,78.96,81.27,"531,05K","3,12%"
2021-11-04,80.18,83.42,78.25,78.81,"701,12K","-2,54%"
2021-11-03,83.07,83.08,79.69,80.86,"546,58K","-3,63%"
2021-11-02,83.87,84.41,82.92,83.91,"429,61K","-0,17%"
2021-11-01,83.36,84.88,82.74,84.05,"412,31K","0,57%"
2021-10-29,83.09,83.74,81.41,83.57,"507,31K","0,92%"
2021-10-28,82.25,83.21,80.58,82.81,"491,59K","0,18%"
2021-10-27,84.39,84.51,82.01,82.66,"529,95K","-2,35%"
2021-10-26,83.72,84.88,82.97,84.65,"467,72K","1,06%"
2021-10-25,83.98,85.41,83.39,83.76,"568,73K","0,00%"
2021-10-22,82.61,84.22,81.76,83.76,"465,36K","1,53%"
2021-10-21,83.58,83.96,80.79,82.5,"567,50K","-1,63%"
2021-10-20,83.34,84.25,81.3,83.87,"25,72K","1,10%"
2021-10-19,82.37,83.74,81.8,82.96,"82,61K","0,63%"
2021-10-18,82.6,83.87,81.84,82.44,"134,10K","0,19%"
2021-10-15,81.48,82.66,81.39,82.28,"277,95K","1,19%"
2021-10-14,80.59,81.68,80.38,81.31,"399,81K","1,08%"
2021-10-13,80.58,81.04,79.42,80.44,"487,22K","-0,25%"
2021-10-12,80.5,81.62,79.47,80.64,"598,18K","0,15%"
2021-10-11,79.59,82.18,79.55,80.52,"653,76K","1,47%"
2021-10-08,78.86,80.11,78.63,79.35,"662,01K","1,34%"
2021-10-07,77.0,78.89,74.96,78.3,"545,01K","1,12%"
2021-10-06,79.04,79.78,76.83,77.43,"459,06K","-1,90%"
2021-10-05,77.58,79.48,77.47,78.93,"449,62K","1,69%"
2021-10-04,75.9,78.38,75.32,77.62,"458,01K","2,29%"
2021-10-01,75.12,75.99,74.23,75.88,"389,00K","1,13%"
2021-09-30,74.78,76.07,73.14,75.03,"583,19K","0,27%"
2021-09-29,74.38,75.79,73.74,74.83,"424,19K","-0,61%"
2021-09-28,75.43,76.67,74.24,75.29,"476,14K","-0,21%"
2021-09-27,74.19,75.75,74.16,75.45,"417,83K","1,99%"
2021-09-24,73.24,74.27,72.81,73.98,"350,38K","0,93%"
2021-09-23,71.97,73.5,71.61,73.3,"403,41K","1,48%"
2021-09-22,70.85,72.3,70.64,72.23,"381,06K","2,37%"
2021-09-21,70.59,71.63,69.67,70.56,"37,61K","0,38%"
2021-09-20,71.92,72.08,69.86,70.29,"75,84K","-2,33%"
2021-09-17,72.62,72.72,71.21,71.97,"119,93K","-0,88%"
2021-09-16,72.65,72.99,71.53,72.61,"298,41K","0,00%"
2021-09-15,70.76,73.14,70.65,72.61,"418,67K","3,05%"
2021-09-14,70.64,71.22,69.98,70.46,"414,23K","0,01%"
2021-09-13,69.74,70.97,69.51,70.45,"390,94K","1,05%"
2021-09-10,67.97,69.96,67.68,69.72,"411,08K","2,32%"
2021-09-09,69.36,69.89,67.56,68.14,"556,45K","-1,67%"
2021-09-08,68.37,69.75,68.31,69.3,"389,33K","1,39%"
2021-09-07,69.11,69.48,67.64,68.35,"481,70K","-0,65%"
2021-09-06,68.75,69.47,68.27,68.8,,"0,07%"
2021-09-05,69.22,69.23,68.73,68.75,,"-0,78%"
2021-09-03,69.76,70.53,69.05,69.29,"313,09K","-1,00%"
2021-09-02,68.29,70.61,67.84,69.99,"403,31K","2,04%"
2021-09-01,68.55,69.24,67.12,68.59,"399,50K","0,13%"
2021-08-31,69.18,69.34,68.16,68.5,"325,85K","-1,03%"
2021-08-30,69.3,69.64,67.67,69.21,"360,80K","0,68%"
2021-08-27,67.75,69.05,67.52,68.74,"326,06K","1,96%"
2021-08-26,68.0,68.31,67.02,67.42,"344,29K","-1,38%"
2021-08-25,67.63,68.54,66.92,68.36,"353,74K","1,21%"
2021-08-24,65.54,67.8,65.41,67.54,"335,89K","2,89%"
2021-08-23,61.96,66.0,61.74,65.64,"397,29K","5,33%"
2021-08-20,64.05,64.1,62.11,62.32,"24,63K","-2,15%"
2021-08-19,64.58,64.76,62.63,63.69,"88,24K","-2,70%"
2021-08-18,66.58,67.48,64.34,65.46,"121,20K","-1,70%"
2021-08-17,67.43,67.72,66.33,66.59,"235,30K","-1,04%"
2021-08-16,67.71,68.27,65.73,67.29,"334,84K","-1,68%"
2021-08-13,68.91,69.22,67.77,68.44,"272,03K","-0,94%"
2021-08-12,69.36,69.62,68.46,69.09,"352,47K","-0,23%"
2021-08-11,68.51,69.45,66.67,69.25,"513,29K","1,41%"
2021-08-10,66.85,68.9,66.56,68.29,"452,13K","2,72%"
2021-08-09,67.88,67.9,65.15,66.48,"598,38K","-2,64%"
2021-08-06,69.14,70.18,67.8,68.28,"537,14K","-1,17%"
2021-08-05,68.06,69.35,67.61,69.09,"416,33K","1,38%"
2021-08-04,70.32,70.81,67.85,68.15,"582,92K","-3,42%"
2021-08-03,71.52,71.96,69.19,70.56,"509,94K","-0,98%"
2021-08-02,73.91,73.95,70.55,71.26,"448,20K","-3,64%"
2021-07-30,73.41,74.23,72.93,73.95,"303,70K","0,45%"
2021-07-29,72.4,73.68,72.26,73.62,"294,46K","1,70%"
2021-07-28,71.9,72.6,71.7,72.39,"318,91K","1,03%"
2021-07-27,72.22,72.33,71.08,71.65,"333,12K","-0,36%"
2021-07-26,72.18,72.43,70.56,71.91,"395,74K","-0,22%"
2021-07-23,71.71,72.21,71.39,72.07,"274,78K","0,22%"
2021-07-22,70.22,72.03,69.86,71.91,"435,18K","2,29%"
2021-07-21,66.45,70.51,66.44,70.3,"503,03K","4,27%"
2021-07-20,66.6,67.65,65.21,67.42,"29,74K","1,51%"
2021-07-19,71.49,71.67,65.63,66.42,"82,57K","-7,51%"
2021-07-16,71.48,72.3,70.41,71.81,"133,93K","0,22%"
2021-07-15,72.96,72.96,71.4,71.65,"368,68K","-2,02%"
2021-07-14,75.17,75.44,72.21,73.13,"528,36K","-2,82%"
2021-07-13,74.18,75.52,73.68,75.25,"444,08K","1,55%"
2021-07-12,74.74,74.93,73.16,74.1,"397,93K","-0,62%"
2021-07-09,73.26,74.76,72.72,74.56,"422,15K","2,22%"
2021-07-08,72.17,73.26,70.76,72.94,"529,69K","1,02%"
2021-07-07,73.85,74.86,71.07,72.2,"607,97K","-1,59%"
2021-07-06,75.35,76.98,72.94,73.37,"714,04K","-3,78%"
2021-07-05,75.15,76.4,74.75,76.25,,"1,48%"
2021-07-04,75.22,75.28,75.0,75.14,,"-0,03%"
2021-07-02,75.02,75.62,74.41,75.16,"377,53K","-0,09%"
2021-07-01,73.5,76.22,73.39,75.23,"615,68K","2,40%"
2021-06-30,73.47,74.14,72.82,73.47,"383,63K","0,67%"
2021-06-29,72.78,73.81,71.97,72.98,"321,45K","0,10%"
2021-06-28,73.99,74.45,72.62,72.91,"354,70K","-1,54%"
2021-06-25,73.32,74.18,72.85,74.05,"364,72K","1,02%"
2021-06-24,73.28,73.61,72.32,73.3,"334,83K","0,30%"
2021-06-23,72.91,74.25,72.82,73.08,"429,21K","0,03%"
2021-06-22,73.41,73.95,72.94,73.06,"29,00K","-0,81%"
2021-06-21,71.52,73.96,71.15,73.66,"123,66K","2,82%"
2021-06-18,71.1,72.17,70.16,71.64,"139,58K","0,84%"
2021-06-17,71.65,72.3,69.77,71.04,"373,78K","-1,54%"
2021-06-16,72.45,72.99,71.61,72.15,"426,78K","0,04%"
2021-06-15,71.16,72.49,70.81,72.12,"336,04K","1,75%"
2021-06-14,70.65,71.78,70.65,70.88,"319,64K","-0,04%"
2021-06-11,70.1,71.24,69.68,70.91,"563,58K","0,88%"
2021-06-10,69.76,70.65,68.68,70.29,"492,46K","0,47%"
2021-06-09,70.01,70.62,69.46,69.96,"410,82K","-0,13%"
2021-06-08,69.29,70.27,68.47,70.05,"441,30K","1,18%"
2021-06-07,69.52,70.0,68.93,69.23,"365,62K","-0,56%"
2021-06-04,68.91,69.76,68.33,69.62,"326,25K","1,18%"
2021-06-03,68.76,69.4,68.19,68.81,"351,37K","-0,03%"
2021-06-02,67.99,69.0,67.78,68.83,"333,00K","1,64%"
2021-06-01,66.68,68.87,66.41,67.72,"570,99K","1,14%"
2021-05-31,66.58,67.41,66.41,66.96,,"0,56%"
2021-05-30,66.7,66.75,66.53,66.59,,"0,41%"
2021-05-28,66.95,67.52,66.17,66.32,"390,46K","-0,79%"
2021-05-27,66.16,66.92,65.47,66.85,"337,54K","0,97%"
2021-05-26,66.04,66.43,65.25,66.21,"376,21K","0,21%"
2021-05-25,66.02,66.51,65.41,66.07,"497,39K","0,03%"
2021-05-24,63.87,66.14,63.63,66.05,"466,65K","3,88%"
2021-05-21,61.89,64.07,61.56,63.58,"530,83K","2,47%"
2021-05-20,63.39,63.96,61.89,62.05,"29,62K","-2,07%"
2021-05-19,65.28,65.35,61.95,63.36,"101,90K","-3,25%"
2021-05-18,66.33,67.01,64.11,65.49,"167,35K","-1,18%"
2021-05-17,65.5,66.43,64.83,66.27,"268,48K","1,38%"
2021-05-14,63.83,65.62,63.33,65.37,"383,75K","2,43%"
2021-05-13,65.75,65.81,63.09,63.82,"547,69K","-3,42%"
2021-05-12,65.46,66.63,64.97,66.08,"508,52K","1,23%"
2021-05-11,64.9,65.5,63.68,65.28,"514,95K","0,55%"
2021-05-10,65.57,65.75,63.95,64.92,"448,34K","0,03%"
2021-05-07,64.9,65.24,63.9,64.9,"431,42K","0,29%"
2021-05-06,65.27,65.98,64.5,64.71,"389,21K","-1,40%"
2021-05-05,66.45,66.76,64.92,65.63,"460,07K","-0,09%"
2021-05-04,64.53,66.19,64.29,65.69,"370,21K","1,86%"
2021-05-03,63.64,64.68,62.91,64.49,"285,97K","1,43%"
2021-04-30,64.88,64.95,63.08,63.58,"400,52K","-2,20%"
2021-04-29,63.7,65.47,63.65,65.01,"384,49K","1,80%"
2021-04-28,63.04,64.53,62.67,63.86,"387,68K","1,46%"
2021-04-27,61.97,63.3,61.91,62.94,"361,54K","1,66%"
2021-04-26,62.06,62.31,60.66,61.91,"366,87K","-0,37%"
2021-04-23,61.65,62.43,61.25,62.14,"345,41K","1,16%"
2021-04-22,61.11,61.87,60.61,61.43,"344,70K","0,13%"
2021-04-21,62.39,62.56,60.86,61.35,"431,49K","-1,75%"
2021-04-20,63.47,64.25,61.5,62.44,"33,04K","-1,48%"
2021-04-19,62.98,63.63,62.63,63.38,"74,38K","0,40%"
2021-04-16,63.32,63.88,62.83,63.13,"87,80K","-0,52%"
2021-04-15,62.83,63.57,62.53,63.46,"243,37K","0,49%"
2021-04-14,60.44,63.44,60.38,63.15,"419,81K","4,94%"
2021-04-13,59.64,60.59,59.64,60.18,"349,73K","0,80%"
2021-04-12,59.35,60.77,58.73,59.7,"410,22K","0,64%"
2021-04-09,59.76,59.95,59.1,59.32,"351,44K","-0,47%"
2021-04-08,59.52,59.93,58.82,59.6,"419,91K","-0,28%"
2021-04-07,59.26,60.04,58.12,59.77,"475,54K","0,74%"
2021-04-06,58.8,60.9,58.62,59.33,"457,35K","1,16%"
2021-04-05,61.5,61.5,57.63,58.65,"438,86K","-4,56%"
2021-04-01,59.49,61.75,58.86,61.45,"605,57K","3,87%"
2021-03-31,60.45,61.17,58.85,59.16,"414,16K","-2,30%"
2021-03-30,61.96,62.27,59.94,60.55,"388,19K","-1,64%"
2021-03-29,60.93,61.77,59.41,61.56,"449,36K","0,97%"
2021-03-26,58.48,61.36,58.32,60.97,"472,00K","4,12%"
2021-03-25,60.8,60.86,57.44,58.56,"580,11K","-4,28%"
2021-03-24,57.4,61.34,57.29,61.18,"566,29K","5,92%"
2021-03-23,61.28,61.35,57.25,57.76,"712,32K","-6,16%"
2021-03-22,61.55,61.9,60.39,61.55,"28,26K","0,21%"
2021-03-19,59.56,61.72,58.94,61.42,"84,17K","2,37%"
2021-03-18,64.42,64.82,58.2,60.0,"143,60K","-7,12%"
2021-03-17,64.75,65.34,63.6,64.6,"254,72K","-0,31%"
2021-03-16,65.33,65.43,63.8,64.8,"317,54K","-0,90%"
2021-03-15,65.56,66.4,64.13,65.39,"378,01K","-0,34%"
2021-03-12,65.96,66.24,65.41,65.61,"321,71K","-0,62%"
2021-03-11,64.7,66.21,64.54,66.02,"441,06K","2,45%"
2021-03-10,63.84,64.96,63.13,64.44,"498,49K","0,67%"
2021-03-09,64.73,65.98,63.63,64.01,"554,56K","-1,60%"
2021-03-08,66.68,67.98,64.57,65.05,"533,38K","-1,57%"
2021-03-05,64.16,66.42,63.82,66.09,"573,17K","3,54%"
2021-03-04,61.08,64.86,60.52,63.83,"694,63K","4,16%"
2021-03-03,59.55,61.99,59.24,61.28,"465,31K","2,56%"
2021-03-02,60.23,61.21,59.38,59.75,"464,13K","-1,47%"
2021-03-01,61.95,62.92,59.96,60.64,"456,68K","-1,40%"
2021-02-26,63.46,63.57,61.34,61.5,"472,72K","-3,20%"
2021-02-25,63.39,63.81,62.65,63.53,"510,36K","0,49%"
2021-02-24,61.29,63.51,60.97,63.22,"489,93K","2,51%"
2021-02-23,62.16,63.0,60.67,61.67,"570,68K","0,29%"
2021-02-22,58.88,61.84,58.82,61.49,"37,04K","3,80%"
2021-02-19,60.2,60.29,58.59,59.24,"102,43K","-2,12%"
2021-02-18,61.68,62.26,59.79,60.52,"132,04K","-1,01%"
2021-02-17,60.24,61.73,59.43,61.14,"335,42K","1,82%"
2021-02-16,59.98,60.95,59.33,60.05,"602,33K","-0,07%"
2021-02-15,60.36,60.95,59.96,60.09,,"-0,46%"
2021-02-14,60.01,60.75,60.01,60.37,,"1,51%"
2021-02-12,57.94,59.82,57.41,59.47,"480,82K","2,11%"
2021-02-11,58.4,58.71,57.84,58.24,"380,45K","-0,75%"
2021-02-10,58.45,58.91,58.08,58.68,"457,54K","0,55%"
2021-02-09,58.11,58.62,57.27,58.36,"514,70K","0,67%"
2021-02-08,57.06,58.14,57.0,57.97,"399,72K","1,97%"
2021-02-05,56.46,57.29,56.43,56.85,"400,83K","1,10%"
2021-02-04,55.96,56.58,55.3,56.23,"381,40K","0,97%"
2021-02-03,55.05,56.33,54.81,55.69,"448,69K","1,70%"
2021-02-02,53.48,55.26,53.45,54.76,"463,72K","2,26%"
2021-02-01,51.99,53.74,51.64,53.55,"416,07K","2,59%"
2021-01-29,52.15,53.25,51.93,52.2,"410,91K","-0,27%"
2021-01-28,52.65,53.58,52.04,52.34,"411,41K","-0,96%"
2021-01-27,52.76,53.3,51.85,52.85,"442,38K","0,46%"
2021-01-26,52.91,53.25,52.29,52.61,"314,54K","-0,30%"
2021-01-25,52.17,52.95,51.82,52.77,"349,08K","0,96%"
2021-01-22,53.1,53.16,51.44,52.27,"437,48K","-1,62%"
2021-01-21,52.93,53.41,52.75,53.13,"352,40K","-0,21%"
2021-01-20,53.13,53.79,53.05,53.24,"37,84K","0,49%"
2021-01-19,52.0,53.13,51.76,52.98,"125,96K","1,18%"
2021-01-18,52.2,52.61,51.83,52.36,,"0,31%"
2021-01-17,52.09,52.38,52.09,52.2,,"-0,31%"
2021-01-15,53.8,53.83,51.83,52.36,"165,67K","-2,26%"
2021-01-14,52.84,53.75,52.24,53.57,"390,09K","1,25%"
2021-01-13,53.31,53.93,52.58,52.91,"429,90K","-0,56%"
2021-01-12,52.18,53.45,52.07,53.21,"400,20K","1,84%"
2021-01-11,52.58,52.7,51.5,52.25,"394,82K","0,02%"
2021-01-08,50.93,52.75,50.81,52.24,"499,42K","2,77%"
2021-01-07,50.53,51.28,50.39,50.83,"369,29K","0,40%"
2021-01-06,49.82,50.94,49.48,50.63,"509,37K","1,40%"
2021-01-05,47.38,50.2,47.24,49.93,"643,19K","4,85%"
2021-01-04,48.4,49.83,47.18,47.62,"528,53K","-1,85%"
2020-12-31,48.35,48.58,47.77,48.52,"181,89K","0,25%"
2020-12-30,48.13,48.66,47.61,48.4,"266,96K","0,83%"
2020-12-29,47.72,48.35,47.68,48.0,"213,78K","0,80%"
2020-12-28,48.23,48.96,47.5,47.62,"238,46K","-1,26%"
2020-12-24,48.09,48.62,47.56,48.23,"167,39K","0,23%"
2020-12-23,46.79,48.5,46.16,48.12,"344,31K","2,34%"
2020-12-22,47.93,47.96,46.6,47.02,"295,74K","-1,51%"
2020-12-21,48.54,48.61,46.18,47.74,"27,96K","-2,77%"
2020-12-18,48.43,49.28,48.1,49.1,"83,71K","1,53%"
2020-12-17,47.85,48.59,47.81,48.36,"96,54K","1,13%"
2020-12-16,47.6,47.94,47.17,47.82,"275,33K","0,42%"
2020-12-15,46.99,47.73,46.54,47.62,"311,17K","1,34%"
2020-12-14,46.73,47.44,45.69,46.99,"403,54K","0,90%"
2020-12-11,46.97,47.29,46.34,46.57,"367,31K","-0,45%"
2020-12-10,45.69,47.74,45.52,46.78,"447,53K","2,77%"
2020-12-09,45.6,46.24,44.95,45.52,"434,98K","-0,18%"
2020-12-08,45.66,45.93,45.14,45.6,"332,64K","-0,35%"
2020-12-07,46.15,46.54,45.36,45.76,"348,87K","-1,08%"
2020-12-04,45.64,46.68,45.61,46.26,"335,45K","1,36%"
2020-12-03,44.99,45.84,44.66,45.64,"350,77K","0,80%"
2020-12-02,44.38,45.92,43.92,45.28,"368,85K","1,64%"
2020-12-01,45.08,45.7,44.12,44.55,"314,92K","-1,74%"
2020-11-30,45.34,45.8,44.42,45.34,"370,76K","-0,42%"
2020-11-27,45.9,46.09,44.55,45.53,"365,13K","1,22%"
2020-11-26,45.77,46.09,44.73,44.98,,"-1,60%"
2020-11-25,44.82,46.26,44.73,45.71,"417,18K","1,78%"
2020-11-24,42.84,45.2,42.82,44.91,"418,53K","4,30%"
2020-11-23,42.46,43.36,42.29,43.06,"300,72K","2,16%"
2020-11-20,41.7,42.32,41.51,42.15,"29,78K","0,98%"
2020-11-19,41.61,41.98,41.08,41.74,"88,14K","-0,19%"
2020-11-18,41.35,42.46,41.08,41.82,"107,01K","0,94%"
2020-11-17,41.44,41.69,40.57,41.43,"243,68K","0,22%"
2020-11-16,40.17,42.09,40.15,41.34,"378,79K","3,02%"
2020-11-13,40.94,40.94,40.06,40.13,"338,19K","-2,41%"
2020-11-12,41.47,42.19,40.87,41.12,"401,03K","-0,80%"
2020-11-11,41.79,43.06,41.32,41.45,"443,77K","0,22%"
2020-11-10,39.91,41.84,39.41,41.36,"457,05K","2,66%"
2020-11-09,37.34,41.33,37.16,40.29,"622,92K","8,48%"
2020-11-06,38.54,38.61,37.06,37.14,"411,03K","-4,25%"
2020-11-05,39.17,39.35,38.27,38.79,"298,37K","-0,92%"
2020-11-04,38.15,39.25,37.26,39.15,"437,00K","3,96%"
2020-11-03,37.03,38.32,36.57,37.66,"410,61K","2,31%"
2020-11-02,35.24,37.15,33.64,36.81,"489,20K","2,85%"
2020-10-30,36.07,36.6,35.21,35.79,"388,97K","-1,05%"
2020-10-29,37.39,37.76,34.92,36.17,"568,82K","-3,26%"
2020-10-28,38.97,39.01,36.97,37.39,"489,95K","-5,51%"
2020-10-27,38.59,39.83,38.51,39.57,"339,54K","2,62%"
2020-10-26,39.69,39.74,38.28,38.56,"360,18K","-3,24%"
2020-10-23,40.61,40.92,39.57,39.85,"268,93K","-1,94%"
2020-10-22,40.04,41.02,39.71,40.64,"307,49K","1,52%"
2020-10-21,41.22,41.59,39.78,40.03,"366,90K","-3,45%"
2020-10-20,40.65,41.7,40.25,41.46,"24,52K","1,54%"
2020-10-19,40.69,41.22,40.54,40.83,"75,34K","-0,12%"
2020-10-16,40.88,41.05,40.08,40.88,"96,49K","-0,20%"
2020-10-15,41.13,41.29,39.22,40.96,"248,25K","-0,19%"
2020-10-14,40.19,41.16,39.82,41.04,"328,30K","2,09%"
2020-10-13,39.53,40.53,39.35,40.2,"375,47K","1,95%"
2020-10-12,40.4,40.45,39.04,39.43,"322,04K","-2,88%"
2020-10-09,41.31,41.47,40.38,40.6,"331,70K","-1,43%"
2020-10-08,39.99,41.33,39.76,41.19,"409,79K","3,10%"
2020-10-07,39.83,40.35,39.28,39.95,"433,07K","-1,77%"
2020-10-06,39.35,40.86,39.1,40.67,"400,53K","3,70%"
2020-10-05,37.0,39.72,37.0,39.22,"378,58K","5,86%"
2020-10-02,38.6,38.65,36.63,37.05,"391,43K","-4,31%"
2020-10-01,39.9,40.47,37.61,38.72,"443,44K","-3,73%"
2020-09-30,39.16,40.37,38.68,40.22,"340,29K","2,37%"
2020-09-29,40.58,40.7,38.41,39.29,"379,60K","-3,23%"
2020-09-28,40.07,40.8,39.78,40.6,"226,43K","0,87%"
2020-09-25,40.15,40.64,39.71,40.25,"229,03K","-0,15%"
2020-09-24,39.6,40.37,39.12,40.31,"269,99K","0,95%"
2020-09-23,39.76,40.75,39.26,39.93,"318,75K","0,83%"
2020-09-22,39.63,40.02,39.0,39.6,"23,22K","0,74%"
2020-09-21,40.98,41.27,38.66,39.31,"66,20K","-4,38%"
2020-09-18,40.97,41.49,40.3,41.11,"73,76K","0,34%"
2020-09-17,40.19,41.22,39.42,40.97,"280,67K","2,02%"
2020-09-16,38.35,40.34,38.35,40.16,"367,61K","4,91%"
2020-09-15,37.28,38.57,37.06,38.28,"348,86K","2,74%"
2020-09-14,37.32,37.68,36.82,37.26,"347,56K","-0,19%"
2020-09-11,37.01,37.82,36.67,37.33,"363,79K","0,08%"
2020-09-10,37.8,38.18,36.93,37.3,"367,56K","-1,97%"
2020-09-09,36.79,38.45,36.16,38.05,"455,36K","3,51%"
2020-09-08,39.48,39.59,36.13,36.76,"720,98K","-6,22%"
2020-09-07,38.77,39.53,38.77,39.2,,"1,16%"
2020-09-06,39.47,39.48,38.57,38.75,,"-2,56%"
2020-09-04,41.25,41.87,39.35,39.77,"444,18K","-3,87%"
2020-09-03,41.63,41.79,40.22,41.37,"417,63K","-0,34%"
2020-09-02,43.02,43.21,41.23,41.51,"421,77K","-2,92%"
2020-09-01,42.83,43.43,42.72,42.76,"285,15K","0,35%"
2020-08-31,42.91,43.57,42.56,42.61,"236,88K","-0,84%"
2020-08-28,42.98,43.42,42.69,42.97,"272,80K","-0,16%"
2020-08-27,43.45,43.5,42.36,43.04,"320,97K","-0,81%"
2020-08-26,43.39,43.78,43.0,43.39,"262,24K","0,09%"
2020-08-25,42.36,43.57,42.31,43.35,"330,80K","1,71%"
2020-08-24,42.48,42.89,42.23,42.62,"294,73K","0,66%"
2020-08-21,42.75,42.96,41.46,42.34,"345,37K","-0,56%"
2020-08-20,42.74,42.79,41.5,42.58,"27,43K","-0,82%"
2020-08-19,42.6,43.03,42.36,42.93,"81,30K","0,09%"
2020-08-18,42.79,42.99,42.11,42.89,"111,63K","0,00%"
2020-08-17,42.24,42.97,41.8,42.89,"208,43K","2,09%"
2020-08-14,42.33,42.57,41.62,42.01,"310,87K","-0,54%"
2020-08-13,42.57,42.84,42.09,42.24,"329,51K","-1,01%"
2020-08-12,41.62,42.9,41.53,42.67,"397,83K","2,55%"
2020-08-11,41.98,42.94,41.48,41.61,"432,84K","-0,79%"
2020-08-10,41.5,42.33,41.17,41.94,"367,80K","1,75%"
2020-08-07,41.97,42.22,41.06,41.22,"399,00K","-1,74%"
2020-08-06,42.19,42.65,41.61,41.95,"359,61K","-0,57%"
2020-08-05,41.56,43.52,41.47,42.19,"491,27K","1,18%"
2020-08-04,40.78,42.08,40.14,41.7,"451,58K","1,68%"
2020-08-03,40.39,41.24,39.58,41.01,"338,33K","1,84%"
2020-07-31,40.34,40.55,39.66,40.27,"318,79K","0,88%"
2020-07-30,41.32,41.39,38.72,39.92,"487,33K","-3,27%"
2020-07-29,41.13,41.57,40.93,41.27,"295,86K","0,56%"
2020-07-28,41.65,41.93,40.85,41.04,"276,80K","-1,35%"
2020-07-27,41.26,41.82,40.48,41.6,"377,71K","0,75%"
2020-07-24,41.06,41.67,40.66,41.29,"353,16K","0,54%"
2020-07-23,41.95,42.36,40.83,41.07,"389,41K","-1,98%"
2020-07-22,41.54,42.03,41.14,41.9,"333,65K","-0,14%"
2020-07-21,40.65,42.4,40.64,41.96,"25,62K","2,82%"
2020-07-20,40.64,40.91,39.83,40.81,"60,18K","0,54%"
2020-07-17,40.72,40.9,40.02,40.59,"88,22K","-0,39%"
2020-07-16,40.97,41.18,40.52,40.75,"200,10K","-1,09%"
2020-07-15,40.55,41.26,40.08,41.2,"352,54K","2,26%"
2020-07-14,39.6,40.57,39.07,40.29,"426,97K","0,47%"
2020-07-13,40.35,40.72,39.47,40.1,"370,72K","-1,11%"
2020-07-10,39.58,40.77,38.54,40.55,"393,15K","2,35%"
2020-07-09,40.87,40.99,39.27,39.62,"367,39K","-3,13%"
2020-07-08,40.48,41.08,40.3,40.9,"286,74K","0,69%"
2020-07-07,40.68,40.95,39.9,40.62,"256,60K","-0,02%"
2020-07-06,40.31,41.08,39.84,40.63,"373,24K","0,87%"
2020-07-03,40.23,40.5,39.86,40.28,,"-0,91%"
2020-07-02,39.78,40.74,39.46,40.65,"347,10K","2,08%"
2020-07-01,39.84,40.58,39.05,39.82,"407,17K","1,40%"
2020-06-30,39.64,40.08,38.85,39.27,"370,06K","-1,08%"
2020-06-29,37.96,39.89,37.5,39.7,"343,91K","3,14%"
2020-06-26,39.09,39.35,37.79,38.49,"356,71K","-0,59%"
2020-06-25,38.05,39.23,37.08,38.72,"451,64K","1,87%"
2020-06-24,39.99,40.54,37.31,38.01,"499,49K","-5,85%"
2020-06-23,40.68,41.63,39.76,40.37,"368,73K","-0,22%"
2020-06-22,39.18,40.7,39.12,40.46,"29,89K","1,79%"
2020-06-19,38.85,40.49,38.4,39.75,"64,11K","2,34%"
2020-06-18,37.74,38.97,37.11,38.84,"113,38K","2,32%"
2020-06-17,37.93,38.75,37.21,37.96,"239,52K","-1,09%"
2020-06-16,37.05,39.06,36.38,38.38,"366,32K","3,39%"
2020-06-15,36.03,37.26,34.36,37.12,"387,55K","2,37%"
2020-06-12,36.26,36.99,34.48,36.26,"406,51K","-0,22%"
2020-06-11,39.09,39.09,35.41,36.34,"513,91K","-8,23%"
2020-06-10,38.5,39.91,37.73,39.6,"385,87K","1,69%"
2020-06-09,38.22,39.1,37.07,38.94,"396,03K","1,96%"
2020-06-08,39.41,40.44,37.96,38.19,"416,64K","-3,44%"
2020-06-05,37.33,39.68,37.05,39.55,"396,86K","5,72%"
2020-06-04,36.76,37.62,36.38,37.41,"307,61K","0,32%"
2020-06-03,36.86,38.18,35.88,37.29,"494,25K","1,30%"
2020-06-02,35.56,37.06,35.28,36.81,"343,48K","3,87%"
2020-06-01,35.21,35.9,34.27,35.44,"385,71K","-0,14%"
2020-05-29,33.68,35.77,32.36,35.49,"443,65K","5,28%"
2020-05-28,32.1,34.21,31.14,33.71,"440,17K","2,74%"
2020-05-27,34.14,34.32,31.75,32.81,"415,25K","-4,48%"
2020-05-26,33.3,34.81,32.48,34.35,"466,74K","1,27%"
2020-05-25,32.92,34.18,32.72,33.92,,"3,10%"
2020-05-24,33.38,33.42,32.5,32.9,,"-1,05%"
2020-05-22,33.95,34.0,30.72,33.25,"429,04K","-1,98%"
2020-05-21,33.53,34.66,33.26,33.92,"372,81K","1,28%"
2020-05-20,31.89,33.78,31.56,33.49,"406,43K","3,05%"
2020-05-19,32.83,33.44,31.34,32.5,"36,07K","2,14%"
2020-05-18,29.53,33.32,29.53,31.82,"89,38K","8,12%"
2020-05-15,27.64,29.92,27.24,29.43,"108,02K","6,79%"
2020-05-14,25.56,27.96,25.18,27.56,"160,51K","8,98%"
2020-05-13,25.3,26.45,24.79,25.29,"150,86K","-1,90%"
2020-05-12,24.49,26.23,24.22,25.78,"212,34K","6,79%"
2020-05-11,24.49,25.58,23.67,24.14,"179,59K","-2,43%"
2020-05-08,23.35,24.99,23.26,24.74,"205,18K","5,05%"
2020-05-07,24.09,26.74,22.94,23.55,"310,26K","-1,83%"
2020-05-06,25.52,26.08,22.58,23.99,"381,17K","-2,32%"
2020-05-05,21.24,25.49,21.13,24.56,"387,24K","20,45%"
2020-05-04,19.11,21.42,18.05,20.39,"311,49K","3,08%"
2020-05-01,19.04,20.48,18.07,19.78,"403,20K","4,99%"
2020-04-30,15.64,19.44,15.45,18.84,"545,34K","25,10%"
2020-04-29,13.35,16.78,12.67,15.06,"554,13K","22,04%"
2020-04-28,12.96,13.69,10.07,12.34,"897,09K","-3,44%"
2020-04-27,16.84,16.98,11.88,12.78,"623,20K","-24,56%"
2020-04-24,16.78,17.97,15.64,16.94,"600,22K","2,67%"
2020-04-23,14.2,18.26,13.35,16.5,"833,58K","19,74%"
2020-04-22,13.12,16.18,10.26,13.78,"1,24M","37,66%"
2020-04-21,-14.0,13.86,-16.74,10.01,"18,44K","-126,60%"
2020-04-20,17.73,17.85,-40.32,-37.63,"247,95K","-305,97%"
2020-04-17,20.0,20.22,17.31,18.27,"240,63K","-8,05%"
2020-04-16,20.15,20.53,19.42,19.87,"350,94K","0,00%"
2020-04-15,20.72,20.89,19.2,19.87,"544,80K","-1,19%"
2020-04-14,22.36,23.08,19.95,20.11,"785,48K","-10,26%"
2020-04-13,24.6,24.74,22.03,22.41,"775,12K","-1,54%"
2020-04-09,26.28,28.36,22.57,22.76,"1,12M","-9,29%"
2020-04-08,24.3,26.45,23.74,25.09,"823,55K","6,18%"
2020-04-07,26.34,27.24,23.54,23.63,"797,71K","-9,39%"
2020-04-06,26.09,28.24,25.28,26.08,"752,71K","-7,97%"
2020-04-03,24.81,29.13,23.52,28.34,"1,01M","11,93%"
2020-04-02,21.22,27.39,20.76,25.32,"1,10M","24,67%"
2020-04-01,20.1,21.55,19.9,20.31,"703,29K","-0,83%"
2020-03-31,20.23,21.89,20.01,20.48,"660,08K","1,94%"
2020-03-30,20.93,20.93,19.27,20.09,"758,71K","-6,60%"
2020-03-27,23.29,23.44,20.88,21.51,"603,12K","-4,82%"
2020-03-26,24.25,24.65,22.38,22.6,"633,88K","-7,72%"
2020-03-25,24.37,25.24,22.91,24.49,"618,73K","2,00%"
2020-03-24,23.87,25.16,23.09,24.01,"659,70K","2,78%"
2020-03-23,22.52,24.07,20.8,23.36,"852,95K","4,15%"
2020-03-20,24.73,27.89,19.46,22.43,"29,76K","-11,06%"
2020-03-19,22.3,27.71,21.36,25.22,"136,72K","23,81%"
2020-03-18,26.94,27.22,20.06,20.37,"309,48K","-24,42%"
2020-03-17,28.69,30.3,26.63,26.95,"545,82K","-6,10%"
2020-03-16,33.75,33.75,28.1,28.7,"698,83K","-9,55%"
2020-03-13,30.77,33.87,30.33,31.73,"743,13K","0,73%"
2020-03-12,33.07,33.63,30.02,31.5,"1,03M","-4,49%"
2020-03-11,34.62,36.35,32.56,32.98,"874,65K","-4,02%"
2020-03-10,30.37,35.02,30.2,34.36,"1,06M","10,38%"
2020-03-09,32.87,34.88,27.34,31.13,"1,77M","-24,59%"
2020-03-06,46.09,46.38,41.05,41.28,"1,28M","-10,07%"
2020-03-05,47.13,47.57,45.65,45.9,"704,59K","-1,88%"
2020-03-04,46.94,48.41,46.65,46.78,"745,86K","-0,85%"
2020-03-03,47.72,48.66,46.47,47.18,"1,01M","0,92%"
2020-03-02,43.7,47.56,43.32,46.75,"949,47K","4,45%"
2020-02-28,46.49,47.03,43.85,44.76,"1,10M","-4,95%"
2020-02-27,48.63,48.78,45.88,47.09,"1,01M","-3,37%"
2020-02-26,50.08,50.44,48.3,48.73,"884,48K","-2,34%"
2020-02-25,51.37,52.02,49.69,49.9,"764,99K","-2,97%"
2020-02-24,52.6,52.64,50.45,51.43,"765,52K","-3,65%"
2020-02-21,53.74,53.86,52.55,53.38,"707,56K","-0,74%"
2020-02-20,53.5,54.5,53.22,53.78,"30,67K","0,92%"
2020-02-19,52.12,53.66,51.93,53.29,"113,68K","2,38%"
2020-02-18,52.23,52.41,50.88,52.05,"221,77K","-0,29%"
2020-02-17,52.34,52.59,52.05,52.2,,"-0,31%"
2020-02-16,52.45,52.63,52.34,52.36,,"0,60%"
2020-02-14,51.51,52.34,51.32,52.05,"607,34K","1,23%"
2020-02-13,51.72,51.96,50.6,51.42,"745,40K","0,49%"
2020-02-12,49.96,51.73,49.95,51.17,"795,26K","2,46%"
2020-02-11,49.61,50.69,49.58,49.94,"725,73K","0,75%"
2020-02-10,50.12,50.49,49.42,49.57,"715,89K","-1,49%"
2020-02-07,51.11,51.48,50.09,50.32,"768,35K","-1,24%"
2020-02-06,51.17,52.2,50.24,50.95,"750,66K","0,39%"
2020-02-05,49.51,51.88,49.47,50.75,"887,95K","2,30%"
2020-02-04,49.94,51.55,49.31,49.61,"859,36K","-1,00%"
2020-02-03,51.01,51.97,49.8,50.11,"876,04K","-2,81%"
2020-01-31,52.92,53.36,50.97,51.56,"827,91K","-1,11%"
2020-01-30,53.09,53.2,51.66,52.14,"720,12K","-2,23%"
2020-01-29,53.97,54.37,52.81,53.33,"624,98K","-0,28%"
2020-01-28,52.77,54.06,52.68,53.48,"633,96K","0,64%"
2020-01-27,53.7,53.71,52.13,53.14,"712,88K","-1,94%"
2020-01-24,55.69,55.95,53.85,54.19,"586,20K","-2,52%"
2020-01-23,56.11,56.27,54.77,55.59,"704,00K","-2,03%"
2020-01-22,58.26,58.38,56.03,56.74,"620,12K","-2,74%"
2020-01-21,59.17,59.73,57.68,58.34,"50,18K","-0,66%"
2020-01-20,59.28,59.32,58.56,58.73,,"-0,91%"
2020-01-19,59.36,59.66,59.2,59.27,,"1,25%"
2020-01-17,58.59,58.98,58.27,58.54,"122,56K","0,03%"
2020-01-16,58.1,58.87,57.56,58.52,"182,87K","1,23%"
2020-01-15,58.2,58.36,57.36,57.81,"433,17K","-0,72%"
2020-01-14,58.03,58.72,57.72,58.23,"507,71K","0,26%"
2020-01-13,59.04,59.27,57.91,58.08,"584,00K","-1,63%"
2020-01-10,59.61,59.78,58.85,59.04,"596,19K","-0,87%"
2020-01-09,59.99,60.31,58.66,59.56,"750,93K","-0,08%"
2020-01-08,62.84,65.65,59.15,59.61,"1,21M","-4,93%"
2020-01-07,62.91,63.15,62.11,62.7,"582,65K","-0,90%"
2020-01-06,63.71,64.72,62.64,63.27,"724,24K","0,35%"
2020-01-03,61.18,64.09,61.13,63.05,"885,86K","3,06%"
2020-01-02,61.6,61.6,60.64,61.18,"486,87K","-0,24%"
2020-01-01,61.52,61.54,61.33,61.33,,"0,44%"
